1,25.048524,1718.431681,0.011505,10.554027,-0.013947,8.498835,-0.005280,3.220582,51.091453,2419.491124,0.520935,32.228543,0.246521,28.831936,-0.045105,12.738630
1,25.790087,1759.736608,-0.035583,10.866686,0.022095,9.621312,0.003967,3.315030,52.135050,2476.740481,0.117310,32.582936,0.229980,29.549816,-0.017456,13.142753
1,33.685213,2013.479993,0.013947,11.126293,0.054291,10.020312,-0.014069,3.329441,61.192837,2836.451403,-0.003967,35.948522,-0.413757,33.893682,0.009460,12.841974
1,50.143900,2771.327216,-0.041443,8.565117,-0.029907,8.148613,0.001526,1.489167,100.496368,3913.763935,0.129761,28.905523,-0.058594,28.958903,0.000610,7.976027
1,50.220302,2719.131142,-0.021240,8.801426,-0.054810,8.642561,-0.001282,1.632167,100.925999,3839.388555,0.133423,30.839402,-0.240356,29.656732,0.029175,8.410979
1,50.655009,2685.091857,0.062561,9.063887,-0.049438,9.149665,0.001709,1.828191,101.815284,3790.684633,-0.044189,31.875200,-0.213013,31.229340,0.032471,9.225530
3,58.099639,2612.210567,0.015442,8.299889,-0.021667,9.890013,-0.000916,2.093320,116.286657,3687.269490,0.023926,27.920685,0.246704,33.383737,0.067139,10.705375
3,58.294400,2625.246125,0.002838,8.441601,0.023956,10.050926,-0.000397,2.095327,116.640395,3705.536605,0.007751,28.687812,0.103088,31.554103,-0.057068,11.144812
3,57.642115,2619.446717,0.009888,8.593803,0.004028,9.988269,-0.000610,2.175925,115.351899,3697.273512,0.170532,28.049539,-0.036133,31.929315,-0.039429,10.552546
3,57.575535,2632.718943,-0.015625,8.034901,-0.022217,10.236924,-0.000061,2.089197,115.127116,3716.260214,0.113647,27.261255,-0.137207,31.181273,-0.052002,10.755695
3,55.185133,2540.741651,-0.005371,8.285413,-0.004211,9.928591,-0.003113,2.141656,110.268927,3586.077287,0.001343,26.751798,-0.167969,32.085669,0.054810,10.797625
3,54.307660,2501.454298,-0.001465,8.093297,0.009644,9.862317,-0.000732,2.119953,108.686991,3530.594004,0.015259,25.933395,-0.133667,31.474210,0.046387,11.247971
0,41.743647,2189.992397,0.013062,9.571914,0.011536,11.005616,-0.003662,3.019607,84.032793,3087.179382,-0.078979,28.916617,0.267944,33.660601,-0.039429,12.934643
0,27.801333,1769.761048,0.015808,9.794223,0.043579,11.017270,-0.028442,4.052660,55.805851,2490.300890,0.336548,28.152393,-0.413208,29.067616,0.228638,14.249108
0,28.660905,1796.346579,-0.036591,9.782744,-0.023529,10.574702,-0.000885,3.979123,58.034312,2528.564096,0.120300,29.652525,-0.005676,28.471955,0.107361,15.080211
0,28.959300,1807.748537,0.012970,10.022844,-0.035370,10.626684,0.002289,3.827006,58.685067,2544.473854,-0.219055,29.665602,-0.011292,30.089184,0.180359,14.177188
0,28.742264,1803.319960,0.028900,10.913874,-0.047760,10.555592,0.021027,3.881916,57.858381,2537.279951,0.012634,30.059311,-0.294861,28.130776,-0.083313,14.281285
0,29.323486,1818.592950,-0.008575,10.445051,0.067047,10.565302,-0.012238,3.993145,58.834717,2559.482885,0.168030,31.863988,-0.165100,28.201050,0.001160,14.068514
4,38.520583,2158.534922,0.020905,10.530603,-0.013824,9.114645,0.007965,3.606869,77.368095,3043.195492,-0.102722,29.968311,-0.043884,25.302403,0.001892,12.326842
4,38.278019,2138.313968,-0.000641,11.059733,-0.014496,9.289059,-0.008942,3.532822,76.869191,3013.890698,0.290222,33.318556,0.099304,26.673966,0.067932,13.333517
4,38.587776,2149.083905,-0.029358,11.409968,-0.017029,9.196737,0.009583,3.556486,77.193744,3028.900076,-0.065186,35.570317,-0.092163,25.660469,-0.024658,13.547480
4,38.598436,2145.310602,0.008789,11.544392,0.021545,9.738432,0.005432,3.782997,77.203732,3022.923634,-0.007324,33.944088,0.005615,26.780601,-0.005127,14.485590
4,37.785738,2087.306191,0.005554,11.401627,0.014465,9.902188,0.012146,3.792078,75.543333,2940.651601,-0.344116,33.055208,-0.014404,27.630736,-0.052734,14.047114
4,37.362032,2055.023749,0.013916,11.565871,0.016724,9.835261,0.008301,3.660683,74.671864,2894.776778,-0.070801,32.774268,0.016479,27.792532,-0.009155,14.158298
6,48.028339,2239.701282,-0.045471,11.681792,-0.020813,10.946044,-0.006836,4.064323,95.528079,3155.285019,0.402832,35.357636,-0.312622,32.606670,0.093384,15.092982
6,49.824199,2300.356968,-0.015930,11.786395,-0.045227,11.251263,-0.001160,4.155090,99.697405,3240.957744,0.095581,36.201591,-0.138184,32.945506,0.166016,15.113538
6,50.746448,2319.894619,0.009705,11.582897,0.004944,11.299676,0.003540,4.010631,101.463771,3268.850314,0.050415,36.771708,0.135742,30.643503,-0.020630,14.686761
6,52.910627,2372.200652,0.029388,11.661251,0.028595,11.139103,0.008881,3.622292,104.072661,3342.943260,-0.097351,33.020289,-0.297302,31.672697,-0.016785,14.095322
6,54.152710,2420.059646,-0.069122,11.254625,0.032562,10.625980,0.006744,3.528630,106.609627,3411.830320,0.788635,34.192439,-0.250305,30.028852,0.031433,13.072259
6,54.303932,2406.924538,-0.051910,11.051325,0.032990,9.787592,-0.001617,3.484622,107.334931,3393.998168,0.955505,33.610767,0.059265,27.223122,0.134827,11.812697
7,43.397987,2229.010688,0.029144,9.662745,-0.045319,8.879765,0.010162,2.771600,85.808695,3143.885630,0.587341,29.530073,-0.193787,27.097637,0.117371,10.498272
7,43.552536,2249.555089,0.041718,9.757181,-0.000946,9.017990,-0.006989,2.763030,86.160870,3172.800401,0.899231,30.069323,-0.218201,26.672817,0.021057,10.354877
7,43.874790,2267.122655,0.048676,9.681107,0.017242,9.134889,-0.002960,2.767777,86.691167,3197.690240,0.929016,29.912654,-0.537781,27.333194,0.058655,10.768786
7,44.227386,2291.449909,0.046631,9.569032,0.001160,9.182217,0.001526,2.817790,87.364332,3232.229932,0.918091,29.431493,-0.455933,26.448102,0.049072,10.492263
7,44.372251,2301.708804,-0.015045,9.830438,-0.006012,8.945797,-0.003632,2.720462,87.964679,3246.454370,0.416809,30.060968,-0.278992,24.077496,0.061340,9.831394
7,44.690388,2316.468614,-0.011108,9.851078,-0.000122,8.602327,-0.000977,2.633096,88.958595,3267.558018,0.292480,30.577369,-0.188354,24.365127,0.046021,9.922257
9,42.736547,2265.709244,0.029938,11.712049,-0.040131,9.442808,0.013641,3.889724,84.020063,3193.026220,-0.645447,29.650061,-0.030212,28.304550,-0.011292,12.950250
9,42.610455,2268.166648,-0.057129,10.711446,-0.026855,9.219025,0.000916,3.868552,83.923009,3197.912673,-1.117187,27.108173,-0.087036,28.165524,0.135254,13.044343
9,42.538249,2274.304580,0.039276,11.410422,-0.008820,8.952595,0.012054,3.678878,84.425575,3206.008940,0.847595,30.048232,-0.068054,26.473208,-0.117371,12.729943
9,42.283039,2270.442050,0.030731,10.832927,-0.042145,9.232784,-0.016571,3.847085,84.969454,3200.910405,1.077576,32.260426,0.153015,26.169914,0.049622,13.770511
9,41.981714,2254.453041,0.040405,11.235578,-0.007385,9.422580,0.013367,4.096296,84.665202,3177.739331,-0.719727,26.450095,0.199829,26.323604,0.116577,13.674071
9,41.255153,2216.196152,0.035004,9.375320,0.005951,8.570464,-0.001923,3.189684,81.531879,3125.970225,-0.636902,25.040258,-0.100647,25.897209,-0.023254,12.487585
0,54.021244,2722.458016,-0.004333,5.749346,0.003235,7.152530,-0.001282,1.022482,107.991987,3846.470704,-0.044922,20.606535,0.091187,26.128302,-0.001709,6.045045
0,56.934472,2780.733667,0.000031,6.049556,-0.065826,9.111386,-0.000275,1.058594,113.916368,3927.707961,0.055359,21.662580,-0.133118,31.263048,-0.003601,6.303901
1,43.717450,2614.070501,0.023651,8.112797,-0.016632,9.185355,0.000580,2.070500,87.701438,3690.863800,0.097473,27.884243,-0.007874,31.191676,-0.041199,9.183948
1,45.288162,2692.342650,-0.003662,8.366844,0.025391,8.473579,-0.004211,2.006881,90.578233,3801.978113,0.169556,27.611147,0.003906,29.225577,0.020996,9.116018
1,46.992615,2765.209043,-0.015594,8.623854,0.005157,8.345395,-0.000214,2.159775,93.935905,3905.019948,0.066589,28.649858,-0.200745,28.148783,-0.030457,9.606278
1,47.302363,2748.403674,0.020813,8.790484,0.002136,9.263950,0.000122,2.206703,94.754497,3880.564025,0.123047,30.098427,-0.001831,31.254254,0.060181,9.432094
1,45.865945,2664.072795,-0.009705,9.207203,-0.016174,9.205460,-0.001587,2.176626,91.873218,3760.889940,-0.002686,31.062885,-0.080322,30.471830,-0.024902,9.898870
1,45.515731,2623.729600,-0.008148,9.057847,0.011444,9.014161,-0.001007,2.235628,91.351270,3703.944926,0.159729,29.678747,0.017151,31.511104,0.033752,9.803463
3,66.394366,2973.406355,0.046387,9.246610,-0.009155,10.271892,-0.002075,2.502988,132.906411,4197.861560,-0.053101,28.579819,0.065430,32.243390,0.046997,11.431560
3,68.301003,3045.780895,-0.010590,8.528754,0.045380,10.548219,0.003998,2.512189,136.614937,4300.556259,0.052307,28.091031,0.061707,32.549646,0.051453,11.585318
3,66.490297,2991.977032,0.009613,8.242431,0.002716,10.004623,-0.000275,2.221173,133.312253,4224.917845,0.055359,25.621059,0.132507,31.129050,0.064758,11.212520
3,64.361271,2908.150203,0.017487,7.997670,0.027069,9.356036,0.000641,2.139602,128.882772,4106.787636,0.034729,24.413522,0.240540,30.147894,0.052673,10.269106
3,61.912792,2833.831417,-0.016022,7.403722,-0.005890,9.559050,-0.000580,2.190327,123.909912,4001.787257,0.162415,25.295816,-0.037781,30.007271,-0.001404,10.278650
3,60.473592,2801.306557,0.002289,7.548426,-0.018280,9.375782,-0.001617,2.270814,120.958465,3955.797127,-0.031433,24.228752,-0.029114,30.219469,-0.037659,10.566176
0,60.415118,2813.238668,0.012543,7.521809,-0.043671,9.498194,-0.000336,2.296533,120.957139,3972.626373,0.129333,25.299992,0.023621,30.096091,0.017273,10.824525
0,60.439068,2810.926690,0.006287,7.608835,0.034790,9.555001,-0.001892,2.262713,120.996184,3969.278903,0.000488,24.005101,0.184204,29.809518,0.051880,10.342599
0,58.649307,2731.802215,-0.009277,7.917957,0.028687,9.302382,-0.001160,2.236293,117.123232,3857.270250,0.183228,25.374142,-0.107666,30.625541,0.001465,11.317796
0,57.301684,2670.615792,-0.008026,7.683482,-0.021820,9.348744,0.003143,2.234199,114.545369,3770.729871,-0.089050,23.827083,-0.139343,30.563211,-0.021790,11.315778
4,39.108562,2412.436300,0.031891,12.242451,-0.006256,8.766059,-0.001495,3.693943,78.680647,3401.392575,-0.104187,34.491066,0.190979,23.895084,-0.006287,12.538389
4,39.969329,2438.983599,-0.061951,11.653856,0.008545,8.722509,0.011414,3.857741,80.382590,3439.811534,-0.999634,32.590309,0.104370,23.588114,0.131836,12.551159
4,40.511418,2452.284180,0.058746,12.221886,-0.019623,9.109251,-0.000702,3.655918,81.284991,3457.811901,0.573914,38.961121,-0.062927,25.994385,-0.104797,12.563573
4,40.283922,2430.758510,-0.067719,12.394515,-0.040436,9.336993,0.000946,3.812850,80.808699,3427.100022,1.250671,37.450707,-0.187927,26.285516,0.017517,12.582952
4,41.023179,2453.980569,0.058105,12.522005,0.009399,9.175850,-0.005676,3.732544,82.246532,3459.731544,-0.048584,35.206111,0.148926,27.978347,0.051636,12.938556
4,40.677261,2426.123482,-0.023682,12.021568,0.025452,9.578532,-0.012573,3.845940,81.476039,3420.718562,-0.620483,33.455954,0.104492,28.156077,-0.160400,13.551309
6,55.116697,2624.529561,-0.019714,12.994347,0.037231,13.352521,-0.002075,4.332163,110.245598,3697.725036,-0.408081,39.363354,-0.105103,40.286675,-0.012085,15.525725
6,59.190545,2747.185332,0.056000,13.665528,0.042145,12.922767,0.012299,4.306426,118.776022,3871.418268,-0.533264,38.726652,0.409241,39.865117,-0.205139,15.260107
6,61.798158,2814.430423,0.046997,13.800089,0.044922,12.608957,0.008179,4.246246,123.304223,3966.867034,-0.279907,38.101937,0.163818,39.176328,-0.164917,15.277736
6,64.934441,2905.088678,-0.043060,12.097363,0.033173,12.965552,-0.000519,4.144944,129.084116,4096.759564,0.777893,39.458747,0.012634,41.312551,0.128845,14.889935
6,67.600050,2990.815132,-0.031555,12.207980,0.007568,12.797285,-0.008728,4.211399,134.477600,4218.295148,0.632935,39.090097,0.168335,39.867967,0.151855,14.797324
6,69.577014,3054.109307,-0.012787,12.151921,-0.014557,12.552663,-0.006073,4.118767,139.029405,4308.195036,0.632874,38.220272,0.432678,39.852891,0.151062,14.823924
7,55.631911,2826.887578,0.033752,9.978568,0.022217,9.772671,-0.000183,2.988386,111.053347,3989.886182,0.438599,32.823867,0.052734,28.181379,0.037720,11.130507
7,56.474390,2865.897320,0.048615,9.939191,0.013824,9.818405,0.001801,3.133409,112.711839,4045.120625,0.210632,33.252562,0.216736,27.557624,0.032410,10.970207
7,57.004483,2892.768691,-0.004150,10.912689,0.021790,9.677150,0.007568,3.356949,113.635845,4082.634426,0.797607,32.629340,0.213989,27.907090,-0.081299,11.558153
7,57.147001,2906.659081,0.016571,10.967105,-0.010284,9.630054,0.003021,3.329703,113.951974,4102.297557,1.032410,33.590492,-0.066223,28.145425,0.009216,11.856361
7,57.359427,2916.992278,-0.001526,11.058610,0.034241,9.574941,0.007812,3.358712,114.359618,4116.824192,1.071655,33.450952,-0.067627,27.905352,0.009155,11.656362
7,57.625746,2926.724998,-0.038971,10.034390,0.027374,9.582378,-0.005890,2.958913,114.969936,4131.364218,-0.834167,28.476734,-0.054504,28.115582,0.027527,11.286511
9,60.910460,2983.140036,-0.021515,10.083174,0.022552,8.794522,0.002472,2.811145,121.993552,4211.510746,-0.068665,29.298559,0.256287,27.279945,0.050354,10.482890
9,60.182336,2962.672300,0.038483,9.360888,0.020660,9.050060,-0.002777,2.940596,120.925737,4183.030379,-1.069153,25.916427,0.301819,26.958470,-0.089172,10.718955
9,59.450371,2942.875113,0.021851,9.569565,0.038391,8.981016,0.004272,2.935486,119.539847,4154.926666,-0.950684,27.351414,0.364136,26.716892,0.003906,11.925165
9,58.424784,2911.640128,0.042999,9.567319,0.008087,9.094725,0.004425,2.926753,117.500706,4110.663368,-0.854187,27.156657,0.196838,25.969225,-0.041443,12.274799
9,57.695622,2897.475544,0.003265,9.271389,0.016388,9.194607,-0.006622,2.906838,116.056763,4090.753671,0.723206,32.200064,0.121033,26.543754,-0.016418,10.999314
9,57.672141,2905.141111,-0.047150,9.927741,0.015472,8.900229,-0.000336,3.000298,113.872088,4101.123867,-0.099060,28.562081,-0.066467,26.457239,0.013855,11.964097
0,55.570491,3094.325663,-0.015717,9.662320,-0.007782,8.433264,0.001129,1.844813,111.093426,4370.218252,-0.074890,33.632447,0.038513,30.813140,-0.034241,9.829712
0,56.277553,3169.278709,-0.029266,9.711906,-0.014679,9.350272,0.000885,1.929407,112.587083,4475.813312,0.274597,35.350239,-0.026428,31.565155,-0.002991,10.582572
0,58.140732,3263.649127,0.028564,9.167652,0.004456,9.032545,0.000305,1.920930,116.188023,4609.867318,-0.157104,31.276378,-0.118408,31.132447,0.033569,9.500681
1,38.563601,2550.702032,-0.016144,10.342630,-0.009186,10.650785,-0.006256,3.212544,77.037173,3598.370321,0.168640,32.250417,-0.069031,34.905318,-0.040955,13.192307
1,36.251224,2430.269168,0.008942,10.216087,0.038177,10.647617,0.000336,3.146244,72.347109,3427.808918,0.132751,31.744881,-0.004700,33.864071,-0.038513,13.258268
1,34.295962,2306.237155,0.018280,9.941428,0.004425,10.604652,-0.000946,3.203237,68.752188,3252.222328,-0.129822,33.346795,0.009460,33.765104,-0.131531,13.078542
1,55.274545,2954.974746,-0.045044,9.247543,0.014771,9.726904,0.002014,2.389200,110.260505,4172.382872,0.135864,31.424124,-0.127686,33.030941,-0.024170,10.773491
1,55.128182,2912.897609,-0.004822,9.644925,-0.012573,9.462961,-0.002808,2.297949,109.955158,4112.686378,0.013672,30.324409,-0.037598,32.313376,0.029907,11.271386
1,82.488732,3606.143470,0.023865,8.994513,0.005676,9.014030,0.000916,1.730367,165.168267,5094.214173,-0.021973,30.827719,0.120728,31.371374,-0.063232,9.493803
3,75.080848,3237.198731,0.001801,9.116455,0.005524,9.178952,-0.001190,2.231289,150.175345,4571.897751,0.106873,29.615684,0.111633,32.265157,0.002991,11.213745
3,72.676567,3174.486616,-0.007843,9.108726,-0.006500,9.622021,-0.000031,2.304611,145.487293,4482.913639,0.014954,30.101515,0.061462,31.520618,0.029602,11.564491
3,71.531082,3149.909021,-0.003204,8.917623,0.007782,9.069274,0.000458,2.198275,143.089480,4448.564280,0.108337,30.052060,-0.003113,29.127638,0.012024,11.231707
3,73.417045,3185.701653,0.002716,8.338961,0.002289,9.190290,-0.000702,2.053294,146.697759,4499.456655,0.110291,29.113801,-0.166809,30.240320,-0.030334,10.508773
3,72.697624,3143.750760,0.003021,8.346383,0.006866,9.168023,-0.000336,2.078070,145.610406,4440.050506,0.160583,28.498880,0.225891,30.038841,0.001770,10.502825
3,71.075051,3103.067082,0.003693,8.246380,-0.004791,9.002161,0.001251,2.150705,142.286270,4382.629318,0.002380,27.923553,0.055969,28.535914,0.016418,10.791969
0,71.628793,3136.710509,0.006012,8.405465,-0.004425,9.383069,0.000519,2.211065,143.270831,4429.972410,0.141907,27.774439,0.170959,31.808903,0.007996,10.712931
0,71.709833,3138.409652,-0.009216,9.091295,0.000671,7.865562,-0.002197,1.531248,143.323078,4432.833727,0.089844,29.837032,-0.080444,31.260504,0.067993,11.468018
0,67.948693,3007.932414,-0.006500,9.019573,-0.000641,9.675806,-0.002411,2.384978,135.897276,4247.156690,0.120544,31.546443,0.004700,29.223702,0.001892,9.979359
4,34.679652,2228.090874,-0.054413,13.233945,-0.029205,10.222952,-0.000580,4.493473,69.480279,3137.983964,0.453552,36.902155,0.100281,28.992839,0.037781,14.468380
4,36.182553,2303.383018,-0.102051,12.875006,0.014771,10.321860,0.020691,4.532866,72.454328,3245.227577,-1.040161,35.680007,0.185913,29.310082,0.073364,14.844756
4,36.912168,2330.717489,-0.035126,12.576319,-0.034760,11.136315,0.016388,4.856280,74.252860,3283.511046,-1.334534,34.226540,0.432068,31.353515,0.108459,15.480125
4,36.965017,2325.782557,-0.033478,13.171136,-0.008759,11.250325,0.002838,4.764050,74.241866,3275.810595,-1.081238,35.821146,0.031799,31.419839,0.041199,15.486682
4,37.319911,2334.571438,-0.020111,15.164149,0.009796,10.849831,0.018646,4.789617,74.736939,3285.424589,0.002869,37.579137,0.042786,30.792774,0.023987,15.273462
4,37.436459,2335.295676,-0.093719,13.536817,0.013580,10.740181,-0.008209,4.832589,75.130254,3289.269762,-1.164246,38.623083,0.083313,31.859189,0.046814,15.782194
6,56.859266,2729.987113,-0.233948,14.716424,0.061646,13.225069,-0.011536,4.447096,112.228299,3845.609298,0.775269,50.397217,-0.036377,39.056854,0.007935,15.585445
6,59.020160,2770.155277,-0.048431,14.594315,0.029083,13.334388,-0.006927,4.476733,115.934244,3902.530025,-0.622742,40.664933,-0.272644,39.016062,-0.042664,16.116516
6,61.870692,2855.846290,-0.015137,14.142363,0.030579,13.294561,-0.006470,4.289221,122.585299,4024.634625,-0.689453,37.921626,0.143555,39.933968,-0.098267,16.279575
6,63.931333,2914.925945,-0.016144,14.499380,0.128876,13.612751,0.018219,4.652652,126.374685,4107.762275,-0.731262,38.875484,-0.238220,43.598527,0.051697,16.024410
6,67.033335,3029.171975,-0.071014,14.834881,0.111481,13.882223,-0.006561,4.685198,133.455120,4269.347684,0.885193,46.298335,-0.018982,44.522112,-0.016663,16.261200
6,69.676241,3127.647311,-0.044434,15.308334,0.030273,14.174307,-0.011353,4.867428,138.672740,4408.215243,0.619141,45.949233,0.080200,42.441439,-0.104858,17.084281
7,53.010921,2674.333364,0.023346,12.653265,0.082245,10.392197,0.013397,3.406127,103.827387,3771.050313,1.204041,37.349819,-0.031555,29.251257,-0.107361,13.332033
7,53.048290,2675.047605,-0.000977,12.357676,0.102417,10.288633,-0.000916,3.331388,103.543058,3772.576371,1.244385,36.602021,-0.067383,29.327904,0.020386,12.622883
7,53.512375,2702.283462,-0.070282,11.953539,0.067657,9.997632,0.010529,3.245108,104.649769,3811.910733,1.096619,37.064670,0.071716,28.510716,-0.066101,12.438018
7,53.665571,2717.902442,-0.090179,11.797588,0.058197,10.055438,0.003876,3.241232,105.375245,3834.232969,1.229431,37.636219,-0.055115,30.166255,-0.085754,12.322539
7,54.271546,2755.331372,-0.144348,10.793665,0.056580,9.966719,0.008850,2.998766,106.742719,3888.187330,1.230591,36.679295,-0.258179,31.404356,-0.103394,11.285262
7,55.232065,2803.290667,-0.109497,10.729296,-0.001465,9.933963,0.005920,3.139876,108.846369,3956.079625,0.915527,35.639452,-0.013794,30.145948,0.001709,11.846025
9,54.169169,2806.198541,-0.133301,10.598847,-0.016357,11.075350,-0.001282,3.242103,107.952264,3959.348987,0.744507,37.422381,-0.090332,31.293722,0.135254,12.221501
9,53.433029,2785.737179,0.164185,13.264985,0.024048,10.150485,-0.012146,3.359748,106.530291,3927.754042,-0.605591,32.378576,0.380127,30.340291,0.024170,12.936445
9,52.725892,2760.620323,0.141205,13.444635,0.000763,9.827005,-0.001984,3.375309,105.255188,3892.054467,-0.627258,32.648537,0.381897,29.588375,-0.001282,13.007405
9,51.488774,2725.609447,-0.200195,10.015481,-0.028320,10.042258,0.007507,3.303113,102.570975,3846.560554,-1.890503,31.513178,-0.031738,30.154294,-0.147461,12.768548
9,51.064084,2708.927067,-0.205231,10.387607,0.012543,9.892433,0.003571,3.357817,101.349179,3822.748890,-1.875549,31.642160,-0.221863,29.871319,-0.115784,12.450733
9,50.924626,2702.022106,-0.173248,10.617847,0.012177,9.950481,0.008087,3.491673,101.081495,3812.719650,-1.632141,31.165380,-0.004822,29.966806,-0.101868,13.175686
0,3.156369,548.573078,0.071411,17.403052,0.004883,4.136437,0.000244,3.251619,5.887889,713.841872,1.394043,45.221717,-0.018677,8.499559,0.010864,11.656067
0,55.957930,2903.579251,-0.001068,2.040906,-0.001068,2.491786,-0.000336,0.185906,111.929135,4105.143281,-0.000183,8.088876,-0.000305,9.823832,0.000183,0.559440
0,67.389317,3367.749016,0.004181,2.765790,0.005646,3.689219,-0.000580,0.211551,134.749699,4761.134718,-0.040100,10.694452,-0.021179,14.541038,0.000183,1.109698
1,84.736874,3906.947167,0.005341,3.296489,-0.003632,4.487195,-0.001312,0.286381,169.504036,5523.173082,-0.038635,12.964266,0.019714,17.485148,-0.002747,1.706922
1,80.421799,3686.658038,0.006653,3.874053,0.000122,4.912861,0.000305,0.388078,160.887268,5211.442556,0.007080,14.581305,0.052368,18.885970,-0.001343,2.330064
1,76.852647,3512.270208,0.003510,4.445618,-0.000214,5.684917,0.001862,0.452767,153.737995,4964.480159,-0.003601,16.915071,0.019348,21.944901,-0.007141,2.713080
1,78.608871,3471.748611,-0.000366,4.875031,0.010620,6.193269,0.000427,0.587706,157.194009,4906.813722,-0.039917,18.723879,-0.010864,23.373442,-0.004028,3.601403
1,75.937507,3335.607263,0.009430,5.283386,-0.006500,6.501120,0.001556,0.675825,151.897184,4714.020211,0.028748,19.882743,-0.024353,24.151024,0.003357,4.050667
1,75.159002,3271.660545,-0.002899,5.703144,-0.010651,6.833901,-0.000763,0.783619,150.280690,4623.298860,-0.019470,21.063748,-0.007141,25.881857,0.010193,4.505422
3,66.151614,2857.094930,0.049561,8.217423,0.027832,9.516556,0.000793,2.068779,132.220921,4034.142716,0.087036,26.263235,-0.165405,28.963021,-0.011841,9.774798
3,65.003596,2808.653577,0.030029,8.045167,0.019592,9.642569,0.000488,2.034455,130.046133,3965.555787,0.019775,25.775124,0.069702,29.735329,-0.009277,9.751473
3,63.355521,2758.538604,0.059174,8.331103,0.023224,9.306197,0.002594,2.137702,126.768692,3894.646131,-0.148987,25.427242,0.078430,30.180093,-0.035583,10.237553
3,62.222225,2739.323917,0.037720,9.517954,0.010986,9.929505,0.000916,2.358217,124.532090,3866.313649,-0.157593,29.810900,0.185913,31.730482,0.062622,11.176905
3,62.106205,2748.743896,0.059448,9.223097,0.062012,10.130612,0.002563,2.471288,124.071719,3879.717057,0.037476,28.451329,-0.087402,32.047605,0.000366,10.984233
3,62.152772,2750.966543,0.059845,8.396641,0.034088,9.721065,0.000336,2.305882,124.408229,3883.639274,-0.018005,25.505805,-0.024475,30.483952,0.049377,10.415899
0,61.194587,2719.496016,0.032623,8.122976,-0.011017,9.564803,0.000824,2.179614,122.309892,3839.363924,-0.127747,24.681365,-0.160095,29.334672,0.027527,10.819201
0,61.230586,2714.285426,0.083435,8.080212,0.032349,9.397945,0.001587,2.027437,122.159540,3832.141184,0.092041,26.166388,-0.182861,30.880955,0.026489,10.165951
0,60.606754,2688.791110,0.014252,7.719461,0.030304,9.398260,-0.001984,1.987559,121.121635,3796.239725,0.174988,26.497001,-0.019714,29.802056,0.000183,10.043613
4,37.750957,2205.685235,0.054810,11.822190,-0.000977,8.691010,0.000366,3.860336,76.131596,3108.256147,0.365845,31.515494,0.048706,22.372877,0.020508,13.436566
4,38.348318,2222.506472,0.096985,12.283877,0.007935,8.431181,-0.002380,3.707156,77.210401,3131.727192,0.633423,31.027491,0.129761,22.592314,0.044922,12.896425
4,38.293683,2205.200714,-0.027466,10.662719,-0.021484,9.008431,-0.000916,3.920318,77.276269,3108.922670,-0.388550,27.198919,0.022705,25.149481,0.074707,13.502557
4,37.693194,2158.169427,0.043121,11.697599,0.013519,9.107934,0.002594,3.852526,75.840213,3040.751151,-0.506165,30.785865,-0.069275,24.466383,0.056946,13.469467
4,38.185874,2170.837127,-0.093109,11.235322,-0.009857,9.249931,0.018402,3.880322,77.017079,3059.494613,0.606140,36.860278,0.208679,25.716770,0.007507,13.978907
4,37.956541,2154.616281,0.070648,11.553185,0.020844,9.444319,0.001312,4.070610,76.447879,3035.354220,-0.043274,29.410656,0.122498,28.051388,0.064880,14.222103
6,49.029551,2288.154963,-0.024994,12.333233,0.053436,12.953995,0.003265,4.225920,97.236554,3221.071838,-0.089661,35.489499,-0.270081,35.251361,-0.147400,15.700887
6,51.023876,2348.056769,-0.017395,12.554942,-0.020203,11.923293,-0.013367,4.074034,101.881436,3306.892862,-0.210449,35.395246,-0.192505,33.583689,-0.072021,15.365168
6,53.555166,2418.125837,0.010651,12.432918,0.009613,11.797535,-0.009491,3.896083,106.743423,3406.587852,0.110413,35.540698,-0.120667,33.766992,0.056458,14.188453
6,55.127337,2473.773449,0.009918,12.370834,-0.008698,11.786265,0.005707,4.057631,109.896804,3485.567037,-0.118469,34.299589,-0.078796,33.514120,-0.032776,14.375502
6,58.038434,2566.563215,-0.010315,12.431596,-0.000610,11.816070,0.001648,4.176422,115.735212,3617.077424,0.100952,34.490817,0.063599,32.830066,-0.098877,15.597185
6,59.835698,2623.875327,-0.023193,12.147143,0.005310,12.212519,0.016907,4.095314,119.073892,3698.334163,0.088623,34.436705,-0.335693,33.971330,-0.028564,15.603510
7,47.188315,2347.495443,0.008209,9.851558,-0.021393,8.553133,-0.006317,3.091541,94.392722,3311.952340,-0.104675,28.747560,0.133728,25.426929,0.035217,10.829923
7,47.441315,2356.186466,-0.017944,9.642955,-0.017151,8.483385,0.000732,3.326378,95.184550,3324.408066,-0.151611,25.509305,0.083130,25.297333,-0.143311,10.271119
7,48.255512,2388.638814,0.036926,9.681393,0.008789,8.383738,-0.004578,3.255124,96.937544,3370.418546,0.403931,28.247343,-0.304321,23.360472,-0.014404,10.928812
7,48.138456,2389.687454,-0.068237,9.407532,0.017578,8.295357,0.008301,2.969864,95.534850,3372.213178,0.543335,28.104492,-0.504761,24.439586,-0.060791,10.157524
7,48.347841,2403.478879,0.018097,9.553066,-0.015167,8.410729,-0.005890,2.847002,96.011305,3391.582828,-0.247131,25.490324,-0.497375,24.221875,0.084045,10.040727
7,48.393572,2412.693076,-0.015961,9.900033,-0.000214,7.876557,0.004425,2.847915,96.121081,3404.647466,0.218079,26.576437,-0.167175,23.999265,0.049133,9.765054
9,49.611409,2507.479257,-0.083191,9.012902,0.012329,8.940817,-0.007263,3.026153,99.937530,3538.961226,-1.022705,24.512069,0.075073,24.014096,-0.045044,11.046098
9,49.428575,2500.188940,-0.107117,8.884197,-0.009216,8.879760,-0.002930,3.037946,99.398084,3528.775906,-1.070190,23.803791,0.038086,23.623493,0.000122,11.557953
9,49.277177,2494.734335,-0.111969,8.551824,-0.015594,8.423758,-0.003082,3.197218,99.195413,3521.527418,-1.038147,24.871684,-0.075134,23.281824,0.031921,11.625708
9,49.441491,2500.954038,-0.071381,8.912655,0.013519,8.410276,-0.003387,3.177403,99.619970,3530.104890,-1.288513,24.686416,0.009583,23.527139,0.013855,11.551732
9,49.439874,2500.885482,-0.066772,8.830024,-0.004395,8.268723,-0.009521,3.160975,99.624909,3530.157170,-1.353760,24.262869,-0.139526,23.419416,-0.052368,11.387585
9,48.114847,2459.809544,0.034149,9.727799,-0.027679,8.347387,0.007477,3.382410,96.109708,3470.757395,-0.223572,23.630695,-0.258484,23.360408,0.058044,11.578223
0,6.109328,809.962994,-0.028687,22.488765,-0.007080,5.218678,0.005310,4.169739,11.808923,1072.119190,0.825562,56.118322,-0.061523,11.132828,0.005127,14.269441
0,6.735854,856.613512,0.072876,20.823407,0.013245,5.547176,0.005920,4.403187,13.117131,1154.768182,-0.924316,60.948866,0.085205,13.456489,-0.020020,14.781740
0,79.903841,3834.557248,0.001617,3.591131,0.001068,4.703707,0.000519,0.254925,159.725916,5420.815528,0.053040,14.245953,-0.009460,18.930442,-0.001038,1.777713
0,95.606931,4302.806173,0.006653,4.579930,-0.012573,5.369143,-0.000610,0.353682,191.353613,6082.432223,-0.023193,17.396070,0.042236,20.436109,0.003052,2.398550
1,95.616589,4226.737365,-0.008759,5.135395,0.011932,6.477022,0.000641,0.486684,191.237762,5974.422184,0.003235,19.446182,0.056580,24.793843,0.000549,3.167246
1,91.856122,4023.494658,-0.021454,5.573025,-0.000641,7.441937,-0.000336,0.664924,183.794966,5686.543811,-0.072449,21.004285,-0.002258,27.327562,0.007629,4.183758
1,91.353590,3922.380801,0.001740,6.019724,0.033173,7.246843,-0.001678,0.745969,182.653042,5543.394743,0.072815,22.985183,-0.003723,27.179954,0.003235,4.578192
1,88.376466,3772.335847,-0.000427,6.308675,0.001099,7.882836,-0.001038,0.908368,176.781263,5330.843763,-0.020874,23.547674,0.024902,29.406287,-0.001831,5.487921
1,87.122522,3681.687248,0.011688,6.976158,0.015350,8.427938,0.000763,1.146995,174.194640,5202.144932,0.172058,25.666065,-0.049255,31.051616,0.004578,6.541885
1,86.810572,3625.463180,-0.017670,7.152930,0.034760,8.226366,-0.000946,1.174495,173.444186,5122.588547,0.095154,25.772063,-0.110779,30.368488,-0.018982,6.604358
3,78.077074,3254.408608,0.040131,9.293422,0.005890,9.508747,-0.001923,2.005481,156.367751,4595.896084,-0.012268,30.279058,-0.069885,30.080763,-0.008606,10.979443
3,82.076990,3361.633206,-0.004700,9.382824,-0.002563,9.417815,0.000488,1.880883,164.311917,4747.627317,-0.142944,30.801227,0.031250,30.772107,0.018799,10.338123
3,80.304469,3303.539379,-0.003723,8.954457,0.001282,9.393322,0.001770,2.176745,160.815856,4665.634980,-0.125977,28.847541,0.002930,30.709701,0.003296,10.399900
3,77.862159,3211.208864,-0.004364,8.791741,-0.001068,9.266303,-0.000824,1.886080,155.576014,4535.175528,0.076477,29.361501,0.021423,31.066440,0.007263,10.334877
3,76.836740,3169.942283,0.000031,8.702246,-0.000153,7.371810,-0.001434,1.360973,153.398110,4477.749836,-0.040955,29.682415,-0.209534,29.511794,-0.012634,9.815475
3,79.467568,3261.536609,-0.008331,9.012424,-0.001007,8.309253,0.001617,1.677537,158.869769,4606.723457,-0.141296,30.279578,0.010437,28.513030,0.016296,9.545946
0,77.052427,3199.228499,0.010193,8.914402,0.001038,8.554709,0.000671,1.737680,154.070695,4518.523003,0.075562,29.704332,-0.025269,27.939963,-0.057739,9.248109
0,77.444811,3195.576622,-0.009491,9.043704,-0.001312,8.303588,0.001617,1.793538,154.780853,4513.370220,-0.099548,29.901818,-0.051575,27.795463,0.000671,9.949821
4,35.696108,2238.796037,0.008728,12.497543,0.000488,8.941866,-0.003235,3.957236,71.941071,3155.247288,-0.582153,35.791547,-0.032104,25.624291,0.034912,15.442980
4,35.848272,2257.234364,0.004669,12.793371,-0.007721,8.995056,-0.006927,4.138284,72.149321,3180.983976,-0.172913,35.255158,0.160095,26.492101,-0.053528,14.301893
4,35.985322,2268.643031,0.039703,12.830117,0.031219,9.355358,0.002472,4.176928,72.510500,3196.814150,-0.146301,35.910771,-0.073303,26.164404,0.161316,15.121875
4,36.077678,2268.043412,-0.086853,12.829804,0.008484,9.213509,-0.008057,4.146005,72.677927,3196.019352,0.045898,37.787123,-0.053711,26.167885,-0.041260,14.900286
4,36.200808,2279.854436,0.049500,12.557482,-0.002502,9.382669,0.005554,3.944589,72.891365,3212.954861,0.300293,36.005577,-0.123169,27.456187,-0.092041,14.636386
4,36.031640,2265.507957,0.014130,12.665072,0.001373,10.399782,-0.020966,4.053438,72.449224,3191.714065,-0.267273,38.033892,-0.070374,29.260015,0.021790,14.874962
6,44.730531,2241.352322,0.181427,13.045836,-0.000641,12.125919,-0.010345,4.141822,88.519374,3154.278800,-0.293274,36.207424,-0.343323,34.364278,0.066833,15.668656
6,46.805672,2325.553494,-0.096741,12.172018,0.015564,11.721087,0.005188,4.353056,92.868101,3275.944078,0.860352,40.263634,0.018555,33.154305,-0.119263,15.580066
6,49.291530,2426.895502,0.057953,13.623435,-0.071136,12.281268,0.007782,4.474021,98.430284,3417.112173,0.425964,38.134312,-0.182800,37.032895,0.068054,16.874427
6,50.444101,2456.624197,-0.012939,13.176023,0.013916,12.415779,0.027222,4.515918,100.189887,3460.058446,-0.712646,38.093125,-0.418335,38.228762,0.019165,17.718195
6,51.737478,2495.301849,0.065826,13.756272,-0.014923,12.487558,0.001312,4.607492,102.333216,3514.085920,-0.372253,38.196292,-0.030701,33.652324,-0.207214,18.024290
6,53.014087,2518.237715,0.004456,12.482870,-0.031555,11.800323,0.011780,4.189141,105.111255,3548.622788,0.593262,38.437852,-0.044434,31.892988,-0.095581,16.808613
7,47.982906,2472.006634,0.093872,11.216574,-0.046570,9.757428,0.006836,3.607301,96.145702,3485.708201,0.413574,29.325524,-0.181885,28.200712,-0.051880,13.170662
7,47.203422,2421.646949,-0.107208,10.131788,-0.003021,9.627898,0.010223,3.455550,93.640283,3416.011767,-0.778625,26.108863,-0.158020,26.431593,-0.034851,12.741351
7,46.623487,2404.983945,-0.102631,9.679819,-0.003815,9.079792,-0.009918,3.310921,93.252983,3393.121030,-0.109436,25.516756,0.050720,24.824685,0.067932,11.785858
7,46.203073,2388.323569,0.105957,9.751873,-0.010132,8.979404,0.002014,3.197493,92.654887,3369.294476,-0.493774,25.185508,-0.298218,24.421310,0.126587,11.561369
7,46.051410,2385.587324,0.091156,9.634086,-0.036835,8.983906,-0.009857,3.076803,92.325151,3365.545946,-0.577332,26.233581,-0.374939,25.005006,0.113220,11.462560
7,46.277291,2384.250926,0.046997,9.650142,0.003357,8.793710,0.008972,2.945755,91.793746,3363.725600,-0.552734,25.488558,-0.291748,24.561207,0.058350,10.511710
9,32.664397,1997.906137,-0.087555,10.213448,-0.007477,9.045228,-0.014130,3.500083,65.538377,2815.790274,-0.768616,28.427870,0.054749,26.531167,-0.083313,12.019637
9,32.484512,1980.958083,-0.096588,10.320445,0.003387,9.253881,0.000092,3.691295,65.217388,2791.424243,-0.775208,28.086192,0.161316,25.910838,0.017761,12.319454
9,32.377160,1972.177307,0.103790,10.417242,-0.004364,9.103046,-0.006073,3.689934,64.611197,2778.669130,0.197327,28.300145,0.041687,26.119880,-0.015930,12.989875
9,32.349254,1971.631850,-0.061066,10.197881,-0.030304,9.147858,-0.003998,3.714316,64.632842,2778.465919,0.826477,30.940718,0.025818,25.641904,-0.060852,13.097034
9,32.907681,2001.435849,-0.079010,10.550792,-0.026276,9.152746,0.010406,3.673308,66.075840,2820.394931,-0.775818,28.812103,0.072449,25.372466,0.149353,12.475137
9,32.374287,1976.547362,0.097748,10.851670,-0.030792,9.488509,0.001801,3.898318,65.113019,2783.958051,-0.384949,28.761993,0.223450,24.732759,0.023865,12.611676
