0.0,0.0,13212.277343750015,13212.277343750015,13212.277343750015,13212.277343750015,13212.277343750015,13212.277343750015,0.0,0.0,13212.277343750015,0.0,0.0,-3438.8085937500045,-3438.8085937500045,-3438.8085937500045,-3438.8085937500045,-3438.8085937500045,-3438.8085937500045,0.0,0.0,3438.8085937500045,0.0,0.0,218.0898437499991,218.0898437499991,218.0898437499991,218.0898437499991,218.0898437499991,218.0898437499991,0.0,0.0,218.0898437499991,0.0,0.0,355.6132812500016,355.6132812500016,355.6132812500016,355.6132812500016,355.6132812500016,355.6132812500016,0.0,0.0,355.6132812500016,0.0,0.0,-4769.328125000005,-4433.421875000004,7171.998046875007,7234.018359375008,1426.3476562500018,1312.2285156250018,5889.052082528784,34680934.43073661,5885.6113281250055,2.0,2.0,-1733.3964843750014,-1564.201171875001,1480.265625000001,1528.7343750000002,-16.816406249999773,-67.11914062500023,1571.0069865709409,2468062.9518547086,1567.580078125001,2.0,2.0,-1145.5332031250011,-1113.0722656250007,1275.648437500001,1419.4609375000016,58.08984375,104.48632812500011,1234.1454173535535,1523114.9111747767,1231.083984375001,4.0,6.0,-2309.5742187500014,-309.8867187500003,440.7382812500004,739.3125000000007,61.54687500000014,-155.65136718750009,901.9298245474347,813477.4084081664,606.7998046875006,9.0,9.0,-2239.5664062500023,-281.2968750000001,186.7812500000002,2294.2187500000023,0.0,-26.89355468749993,1232.9599060348598,1520190.1298894903,808.7470703125006,9.0,9.0,-1204.3164062500014,-299.41015625000034,347.3281250000003,1322.7382812500014,0.0,44.83496093750007,790.8931047276471,625511.903105737,579.5810546875006,8.0,12.0,-606.4671875000005,-332.2187500000002,64.95312500000011,657.5062500000004,0.0,-33.532714843750014,408.47127180478947,166848.7798898222,293.5805664062502,14.0,12.0,-682.9203125000004,-46.062500000000014,67.03906250000024,665.3171875000004,0.0,18.74560546875007,373.3505316760417,139390.61950278305,215.80029296875017,18.0,18.0,-259.0328125000006,-63.91406250000009,58.882812500000085,388.61093750000043,0.0,16.46728515624998,199.17803899513387,39671.89121794707,124.51806640625013,36.0,38.0,-252.7812500000003,-13.999999999999954,0.0,388.2812500000002,0.0,10.716064453125004,202.37051778813697,40953.82646983866,103.30737304687506,51.0,51.0,-271.79687500000006,-5.42187500000003,1.8437499999999716,237.21875000000028,0.0,0.45727539062500555,147.10421501728936,21639.6500758529,70.88598632812504,67.0,67.0,-127.09375000000009,0.0,7.281249999999872,123.12500000000013,0.0,2.682373046874999,74.07400557524502,5486.958301961431,35.17749023437503,144.0,164.0,-87.86249999999998,-2.906249999999898,0.0,98.61874999999974,0.0,-1.0970458984375,56.93923921250162,3242.076962098482,25.729370117187514,216.0,212.0,-75.8625,0.0,0.0,73.21249999999999,0.0,-0.1395263671874984,55.58702525108654,3089.9173762649325,22.42370605468751,250.0,250.0,-42.29999999999996,0.0,0.2500000000000022,39.28124999999997,0.0,0.039916992187497946,30.764124305037605,946.4313442558056,12.908325195312504,648.0,686.0,-27.562500000000014,0.0,0.0,25.249999999999993,0.0,-0.14056396484375022,24.99692001436187,624.8460102044049,9.183410644531254,850.0,862.0,-20.5,0.0,0.0,20.750000000000057,0.0,0.2658081054687503,22.55591624491781,508.76935764774714,7.705749511718753,1028.0,1030.0,-10.500000000000004,0.0,0.0,10.249999999999982,0.0,-0.03289794921874999,9.996670032740502,99.93341174349197,3.845520019531252,2474.0,2626.0,-7.500000000000002,0.0,0.0,7.000000000000007,0.0,-0.056671142578125056,8.691519946040463,75.54251897241923,2.917388916015625,3364.0,3390.0,-6.0,0.0,0.0,6.000000000000014,0.0,-0.047515869140625056,8.340919532840049,69.57093865331265,2.600067138671876,3942.0,3918.0,-3.0000000000000044,0.0,0.0,3.0000000000000044,0.0,-0.015899658203124986,3.2309586061021567,10.43909351434559,1.1757507324218752
0.0,0.0,12847.019531250015,12847.019531250015,12847.019531250015,12847.019531250015,12847.019531250015,12847.019531250015,0.0,0.0,12847.019531250015,0.0,0.0,-3115.7148437500036,-3115.7148437500036,-3115.7148437500036,-3115.7148437500036,-3115.7148437500036,-3115.7148437500036,0.0,0.0,3115.7148437500036,0.0,0.0,336.8554687500018,336.8554687500018,336.8554687500018,336.8554687500018,336.8554687500018,336.8554687500018,0.0,0.0,336.8554687500018,0.0,0.0,431.37109374999955,431.37109374999955,431.37109374999955,431.37109374999955,431.37109374999955,431.37109374999955,0.0,0.0,431.37109374999955,0.0,0.0,-4896.695703125005,-4444.103515625004,7065.390625000007,7101.465625000007,1397.4179687500018,1223.8691406250014,5862.660377268987,34370786.69919974,5856.5527343750055,2.0,2.0,-1818.8492187500012,-1476.933593750001,1397.6582031250014,1424.1003906250019,26.085937500000227,-105.36132812499972,1527.4631275515342,2333143.6060295147,1514.0371093750014,2.0,2.0,-1172.6503906250016,-1044.4707031250014,1235.7578125000014,1578.6765625000012,50.90625,140.38085937499994,1256.9101462330495,1579823.1157035863,1238.2597656250014,2.0,4.0,-2319.152343750002,-229.4921875000002,364.62890625000045,607.8593750000005,103.1171875000004,-166.3798828125,891.2604587401395,794345.205313684,575.6240234375006,9.0,9.0,-2132.234375000002,-292.9843750000002,146.5117187500001,2122.117187500002,0.0,-59.79394531250017,1148.109086881117,1318154.4753789923,740.9521484375006,9.0,9.0,-1534.8632812500016,-266.0898437500001,313.45312500000034,1359.8320312500011,0.0,25.395507812499986,857.4649989283354,735246.2243871702,618.3466796875005,6.0,10.0,-713.8515625000005,-347.7031250000003,134.6015625000001,655.3249999999992,0.0,-66.00732421875003,393.6880917176028,154990.31356024762,283.0346679687502,12.0,12.0,-754.0171875000003,-40.10156250000002,82.15625000000023,713.7703124999999,0.0,13.82275390625,392.9606351305016,154418.0607621672,215.83837890625014,14.0,14.0,-338.55312500000014,-69.2500000000002,31.82031250000019,394.4062500000002,0.0,3.1723632812500036,190.63304966612102,36340.959625005766,117.26416015625009,38.0,34.0,-229.81250000000009,-17.406250000000004,0.0,395.4375000000003,0.0,8.619384765625,175.96457467031183,30963.53153890375,88.78979492187506,49.0,49.0,-249.4375000000002,-5.1562500000001705,6.093750000000057,235.03125000000014,0.0,-1.9689941406249911,150.3976095169958,22619.44094842675,71.69555664062504,67.0,69.0,-101.76562500000009,-7.156250000000057,0.0,78.37500000000003,0.0,-5.294189453125002,60.243912008874865,3629.3289341330574,31.21557617187502,148.0,151.0,-86.86250000000003,-1.2812500000000253,0.0,112.23749999999934,0.0,1.0362548828125,64.55337029821054,4167.13761685789,28.043823242187507,208.0,206.0,-66.3125,0.0,0.0,67.49374999999992,0.0,-0.20275878906250022,53.972196802311146,2912.9980276674055,21.286254882812507,246.0,252.0,-36.12500000000001,0.0,0.0,35.23125000000006,0.0,-0.10314941406249853,28.329044911775938,802.5347856134181,11.615844726562505,642.0,642.0,-24.81250000000005,0.0,0.0,25.562499999999968,0.0,0.12957763671874956,25.20224669196352,635.1532383225862,8.898132324218754,810.0,808.0,-18.5625,0.0,0.0,18.249999999999957,0.0,-0.01153564453125009,22.90103694752006,524.4574932716789,7.467346191406252,1022.0,1016.0,-10.312500000000018,0.0,0.0,9.750000000000025,0.0,0.026672363281249688,9.694173275438022,93.97699549421674,3.601745605468751,2504.0,2490.0,-7.500000000000001,0.0,0.0,6.9999999999999964,0.0,0.027496337890624944,9.188668687958376,84.4316322570667,2.925506591796875,3350.0,3284.0,-5.000000000000028,0.0,0.0,5.000000000000028,0.0,-0.04092407226562501,8.402026160641151,70.59404360409829,2.409698486328125,3774.0,3760.0,-2.9999999999999947,0.0,0.0,3.000000000000004,0.0,0.007781982421875021,3.1675642061874454,10.033463000319902,1.1053161621093752
0.0,0.0,12586.574218750015,12586.574218750015,12586.574218750015,12586.574218750015,12586.574218750015,12586.574218750015,0.0,0.0,12586.574218750015,0.0,0.0,-2942.8398437500045,-2942.8398437500045,-2942.8398437500045,-2942.8398437500045,-2942.8398437500045,-2942.8398437500045,0.0,0.0,2942.8398437500045,0.0,0.0,411.8632812500009,411.8632812500009,411.8632812500009,411.8632812500009,411.8632812500009,411.8632812500009,0.0,0.0,411.8632812500009,0.0,0.0,282.6679687499993,282.6679687499993,282.6679687499993,282.6679687499993,282.6679687499993,282.6679687499993,0.0,0.0,282.6679687499993,0.0,0.0,-4895.464843750005,-4475.230468750004,6981.0175781250055,7075.484765625007,1320.761718750001,1185.0253906250014,5840.870453885201,34115767.65906911,5835.3535156250055,2.0,2.0,-1821.5914062500021,-1516.4257812500023,1314.4863281250011,1495.2410156250014,-75.05078125000068,-126.88867187500045,1531.0215112668695,2344026.867961889,1516.6894531250016,2.0,2.0,-1322.5289062500017,-1148.800781250002,1160.7324218750002,1615.5652343750016,-52.597656250001364,64.52929687499955,1317.3375495765645,1735378.2195243877,1285.7167968750014,0.0,0.0,-2263.394531250002,-272.66406250000017,356.9804687500002,525.5742187500002,104.33593750000009,-215.97167968750017,887.484416078565,787628.5887823114,607.5869140625003,9.0,9.0,-2081.894531250001,-245.2929687500001,174.5234375000001,2009.1601562500023,0.0,-61.969726562499886,1094.823818626287,1198639.1938314452,702.2138671875003,9.0,9.0,-1392.2500000000014,-230.7929687500001,262.2304687500003,1327.1640625000005,0.0,7.325195312499986,808.6653632655762,653939.6697454462,582.7548828125005,8.0,12.0,-759.5296875000007,-265.7968750000002,165.35937500000006,575.8984374999998,0.0,-53.90966796875006,388.28210466287015,150762.99280142804,275.2436523437502,12.0,12.0,-791.2453125000006,-71.7265625,73.02343750000011,595.8140625000001,0.0,-0.017089843750007105,409.9793650548814,168083.0797708037,229.29248046875017,18.0,18.0,-358.9109375000001,-29.796874999999957,43.45312499999993,359.6718750000005,0.0,-3.5258789062499574,188.99535203130665,35719.24308943753,114.34228515625009,38.0,34.0,-236.7500000000002,-9.124999999999984,0.0,339.9062500000002,0.0,7.699462890625011,162.67283643992252,26462.45171540979,82.67504882812506,53.0,53.0,-254.09375000000003,-3.5000000000000018,4.640625000000114,244.23437500000006,0.0,-0.296630859374984,152.58547811823317,23282.328132569815,74.18188476562504,65.0,65.0,-100.78125000000016,-4.656250000000003,3.64062499999996,93.34374999999994,0.0,-1.313720703125003,57.57457334364078,3314.8314957022712,30.09643554687502,165.0,163.0,-89.04375000000007,-0.12499999999999095,0.0,117.79374999999962,0.0,1.2476806640625,70.30150376769059,4942.301431998614,28.94738769531251,206.0,207.0,-64.55000000000003,0.0,0.0,67.71874999999966,0.0,-0.06359863281249889,50.49396349203343,2549.6403491348046,20.380737304687507,264.0,275.0,-36.068749999999994,0.0,0.0,34.94375000000004,0.0,-0.43151855468750006,27.536206538322247,758.2426705211408,11.354858398437504,606.0,604.0,-24.000000000000014,0.0,0.0,22.56249999999999,0.0,0.22540283203125044,24.758705334244784,612.9934898279611,8.519714355468752,872.0,870.0,-17.812500000000014,0.0,0.0,20.0,0.0,0.14935302734375,22.331675992481724,498.70375263318454,7.129455566406252,952.0,954.0,-9.499999999999972,0.0,0.0,9.249999999999979,0.0,0.017639160156249934,9.734195211404996,94.75455641373998,3.496520996093751,2484.0,2564.0,-7.500000000000001,0.0,0.0,6.0000000000000036,0.0,-0.02151489257812511,9.236756335562903,85.31766760256144,2.829620361328125,3260.0,3216.0,-5.500000000000001,0.0,0.0,5.999999999999972,0.0,-0.015106201171875028,8.03073134578626,64.492645948194,2.3975524902343754,3760.0,3748.0,-2.9999999999999947,0.0,0.0,2.9999999999999942,0.0,0.0005187988281250091,3.3686395287701965,11.347732274793092,1.0941467285156254
0.0,0.0,12688.871093750015,12688.871093750015,12688.871093750015,12688.871093750015,12688.871093750015,12688.871093750015,0.0,0.0,12688.871093750015,0.0,0.0,-2699.574218750002,-2699.574218750002,-2699.574218750002,-2699.574218750002,-2699.574218750002,-2699.574218750002,0.0,0.0,2699.574218750002,0.0,0.0,462.05078125,462.05078125,462.05078125,462.05078125,462.05078125,462.05078125,0.0,0.0,462.05078125,0.0,0.0,352.29296874999886,352.29296874999886,352.29296874999886,352.29296874999886,352.29296874999886,352.29296874999886,0.0,0.0,352.29296874999886,0.0,0.0,-5112.479687500006,-4643.8046875000055,7090.021484375007,7165.373046875007,1305.050781250001,1141.166015625001,5986.789994188939,35841654.434520796,5980.251953125006,2.0,2.0,-1858.1132812500011,-1503.5976562500014,1392.708984375001,1542.7230468750013,-12.839843750000227,-98.048828125,1569.7392615995814,2464081.3494071993,1553.2636718750011,2.0,2.0,-1388.3046875000011,-1176.4296875000007,1269.638671875001,1673.583984375001,6.589843750000227,86.61914062500011,1377.8015164119865,1898337.0186271698,1351.3300781250011,0.0,0.0,-2281.7226562500023,-370.9101562500003,407.67578125000034,563.7421875000002,74.28906250000006,-274.0849609375003,951.5549397721654,905456.8034048094,665.0869140625006,9.0,9.0,-2028.0078125000014,-270.2539062500001,165.91406250000028,1930.2734375000027,0.0,-49.584960937499744,1066.0179216258816,1136394.2092275643,678.7470703125007,9.0,9.0,-1203.0078125000014,-192.9921875000001,252.43359375000023,1301.4257812500011,0.0,12.5302734375,772.4856687031215,596734.1083517089,549.0537109375006,6.0,10.0,-914.4656250000007,-252.52343750000017,152.10156250000014,499.8421874999999,0.0,-46.52587890625008,399.45963590684886,159568.00071883225,272.4702148437502,14.0,14.0,-814.6687500000005,-37.890625,44.906250000000455,869.9109375,0.0,12.070800781250057,419.62795197639184,176087.618079901,232.48291015625017,19.0,19.0,-350.24687500000016,-26.67187499999998,69.95312500000009,347.01093750000007,0.0,2.436035156250025,191.58874809257836,36706.24839568145,119.1850585937501,32.0,33.0,-218.10937500000014,-6.796874999999992,2.859375,273.5156250000001,0.0,4.558349609375018,148.8618885929991,22159.861875474475,76.68920898437504,50.0,51.0,-240.0156250000002,-7.890625000000085,0.8906249999999433,223.79687500000014,0.0,-1.370849609374993,159.24646978474033,25359.438138902216,73.44360351562506,71.0,67.0,-98.73437500000009,-0.0625,3.921875000000011,74.45312500000003,0.0,-4.043701171874993,55.94855450080941,3130.2407507300404,28.221435546875014,152.0,148.0,-75.91875000000002,-0.1562500000001359,0.0,105.73124999999976,0.0,1.3502197265625,70.5805719586718,4981.617138013247,28.79675292968751,220.0,218.0,-58.78125000000005,0.0,0.0,67.7937499999999,0.0,0.6612548828125003,56.68630954736846,3213.3376901000765,21.813110351562507,258.0,260.0,-35.24374999999995,0.0,0.0,36.33750000000001,0.0,-0.042114257812501055,24.6127151641503,605.785747751594,10.682006835937504,616.0,648.0,-23.75000000000002,0.0,0.0,20.56250000000001,0.0,-0.12030029296875044,23.005330190426882,529.2452171705665,8.099670410156254,808.0,806.0,-18.56250000000003,0.0,0.0,18.375000000000014,0.0,0.26910400390624956,22.374036060829365,500.59748965129285,7.230163574218753,938.0,942.0,-8.750000000000016,0.0,0.0,9.500000000000012,0.0,0.02801513671875039,9.249890766392898,85.56047919020061,3.3373413085937513,2446.0,2430.0,-7.000000000000015,0.0,0.0,6.5000000000000036,0.0,0.033416748046875,9.037534491400555,81.67702968325469,2.8011169433593754,3250.0,3188.0,-5.5,0.0,0.0,5.0,0.0,-0.05661010742187517,7.604200644334182,57.823867439292385,2.2393493652343754,3780.0,3716.0,-2.5000000000000107,0.0,0.0,2.5000000000000107,0.0,-0.005584716796874975,2.989690119256591,8.938247009180488,1.0267028808593754
0.0,0.0,12762.363281250013,12762.363281250013,12762.363281250013,12762.363281250013,12762.363281250013,12762.363281250013,0.0,0.0,12762.363281250013,0.0,0.0,-2637.5820312500027,-2637.5820312500027,-2637.5820312500027,-2637.5820312500027,-2637.5820312500027,-2637.5820312500027,0.0,0.0,2637.5820312500027,0.0,0.0,293.58203125,293.58203125,293.58203125,293.58203125,293.58203125,293.58203125,0.0,0.0,293.58203125,0.0,0.0,269.2929687500002,269.2929687500002,269.2929687500002,269.2929687500002,269.2929687500002,269.2929687500002,0.0,0.0,269.2929687500002,0.0,0.0,-5144.620312500005,-4818.7265625000055,7119.787109375007,7143.463671875006,1213.492187500001,1087.5683593750007,6045.151020357453,36543850.858928755,6042.083984375006,2.0,2.0,-1904.2402343750016,-1528.701171875001,1500.5937500000016,1741.493750000001,13.996093750000682,-42.103515624999886,1663.9727636215061,2768805.3580741924,1643.0722656250014,2.0,2.0,-1614.2574218750012,-1256.474609375001,1356.7382812500018,1775.6601562500016,37.394531250000455,62.86914062500034,1503.8751369283175,2261640.4274711655,1468.4199218750014,0.0,0.0,-2286.976562500002,-441.40234375000034,401.92187500000034,679.4648437500003,74.47656250000007,-294.24707031250034,1018.419489277729,1037178.2561407103,719.8388671875005,9.0,9.0,-1964.9414062500014,-248.77734375000017,157.08203125000017,1938.9062500000011,0.0,-20.5048828125,1052.6443965883773,1108060.2256689088,691.4833984375005,9.0,9.0,-1294.5820312500007,-139.6367187500001,201.26562500000014,1285.699218750001,0.0,26.348632812500014,821.6026554380252,675030.9234228143,562.4658203125003,4.0,8.0,-978.7156250000007,-213.81250000000023,158.28125000000006,661.4828124999992,0.0,-51.35498046875003,429.6442059640527,184594.1437184813,284.21728515625017,14.0,16.0,-638.7343750000005,-45.406249999999716,68.91406249999997,741.5671874999995,0.0,16.247558593750007,396.60793434569445,157297.85358595866,217.6440429687501,17.0,18.0,-336.5921875000002,-26.515624999999986,57.32812499999996,346.8593749999998,0.0,8.421386718749968,193.12896483403802,37298.797057867094,113.71533203125009,34.0,35.0,-249.4687500000001,-14.140625000000055,0.0,264.26562500000017,0.0,0.8845214843750142,144.28903527207683,20819.325699746634,75.82202148437504,52.0,51.0,-212.81250000000014,-9.203125000000004,0.0,219.8750000000002,0.0,-1.5666503906250018,162.89457971963643,26534.644102036982,73.13696289062506,52.0,57.0,-96.96875000000003,-0.06250000000005075,5.984375000000006,79.5,0.0,-2.2956542968750027,55.98166770628034,3133.9471191763914,29.53491210937501,146.0,142.0,-84.85625000000002,-1.0047518372857667e-14,0.0,116.36249999999967,0.0,1.7542724609375,72.48761762479805,5254.454708918933,29.32653808593751,216.0,216.0,-53.5500000000001,0.0,0.0,66.77499999999965,0.0,0.9654541015625009,53.18070820935244,2828.187725648286,20.786010742187507,242.0,249.0,-35.14999999999995,0.0,0.0,35.462500000000006,0.0,-0.5006103515625008,26.23718209638598,688.389724358917,10.926391601562504,622.0,666.0,-24.25000000000001,0.0,0.0,21.0,0.0,-0.14569091796875044,23.023013979841824,530.0591727159921,8.155578613281254,850.0,848.0,-19.50000000000003,0.0,0.0,19.5625,0.0,0.08526611328124982,20.809329791574175,433.02820637449645,6.931945800781252,984.0,994.0,-9.249999999999929,0.0,0.0,9.249999999999995,0.0,0.07989501953125007,8.892322812058836,79.07340499386196,3.233337402343751,2380.0,2370.0,-7.000000000000007,0.0,0.0,6.499999999999998,0.0,0.040008544921875,9.280868654040948,86.13452297355983,2.822967529296875,3206.0,3160.0,-5.5,0.0,0.0,5.5,0.0,-0.011383056640624958,7.413206809237777,54.95563519652934,2.264068603515625,3680.0,3642.0,-2.5000000000000107,0.0,0.0,2.5000000000000107,0.0,-0.015228271484374976,2.93838760844156,8.63412173744291,1.0215759277343752
0.0,0.0,13114.761718750015,13114.761718750015,13114.761718750015,13114.761718750015,13114.761718750015,13114.761718750015,0.0,0.0,13114.761718750015,0.0,0.0,-2581.8242187500036,-2581.8242187500036,-2581.8242187500036,-2581.8242187500036,-2581.8242187500036,-2581.8242187500036,0.0,0.0,2581.8242187500036,0.0,0.0,229.7304687500009,229.7304687500009,229.7304687500009,229.7304687500009,229.7304687500009,229.7304687500009,0.0,0.0,229.7304687500009,0.0,0.0,26.44140624999909,26.44140624999909,26.44140624999909,26.44140624999909,26.44140624999909,26.44140624999909,0.0,0.0,26.44140624999909,0.0,0.0,-5264.146093750005,-5125.761718750005,7222.986328125007,7365.472265625007,1047.7578125000014,1049.4667968750011,6233.987485786479,38862599.97294243,6232.8886718750055,2.0,2.0,-1784.7191406250015,-1352.3769531250011,1524.5078125000018,1937.2703125000019,90.14453125000045,81.98632812500034,1652.4796874247916,2730689.117351537,1614.5058593750016,2.0,2.0,-1811.9285156250019,-1178.9238281250011,1305.2031250000014,1698.6343750000008,113.05078125000023,13.228515624999886,1520.7016117901933,2312533.392101292,1455.9042968750014,0.0,0.0,-2339.230468750002,-564.9726562500006,398.59375000000034,893.2187500000009,72.94531250000006,-298.41113281250034,1135.2666372837073,1288830.3377294564,814.5185546875007,9.0,9.0,-2059.367187500002,-157.06250000000006,180.96875000000028,1872.6328125000014,0.0,-14.344726562499964,1081.4489517540358,1169531.8352499027,710.1591796875005,9.0,9.0,-1215.515625000001,-203.5820312500002,169.33203125000017,1220.5156250000011,0.0,-11.72363281249995,773.9399881428435,598983.1052465448,544.3544921875005,4.0,10.0,-927.6109375000004,-166.9921875000001,243.86718750000014,473.59531250000026,0.0,-40.270019531250064,405.51367907111813,164441.3439137938,268.4262695312502,13.0,13.0,-572.4609375000007,-49.96093750000018,43.68750000000001,515.4921874999994,0.0,-0.73974609375,350.2906349045256,122703.52890181563,185.19482421875017,15.0,15.0,-339.084375,-25.89062500000006,57.539062499999964,311.45937500000014,0.0,1.0356445312500049,180.2633247152676,32494.866237402002,107.80126953125006,31.0,32.0,-246.8125,-24.093749999999947,0.0,291.40624999999983,0.0,1.8825683593750036,148.96773969616973,22191.387470185786,78.59936523437504,47.0,46.0,-184.5625000000004,-7.828125,0.765625,186.03125000000009,0.0,-0.026123046875013323,155.12557505129087,24063.944034993674,67.21020507812504,70.0,69.0,-88.50000000000024,-5.515624999999968,1.5781249999999403,83.87499999999997,0.0,-2.3347167968749982,54.94684913110487,3019.1562294364003,28.520263671875018,140.0,143.0,-77.04375000000002,-0.9062500000000127,0.0,114.2187499999999,0.0,2.4793701171875018,73.76972921070693,5441.9729478210265,29.821166992187514,206.0,210.0,-61.33125000000009,0.0,0.0,62.087499999999885,0.0,0.5062255859374989,46.76094791269987,2186.58624969423,19.337036132812507,260.0,262.0,-35.25625,0.0,0.0,32.587500000000055,0.0,0.08972167968749997,25.126536288845838,631.3428258746867,10.600219726562507,598.0,648.0,-25.312500000000036,0.0,0.0,26.312499999999986,0.0,-0.061218261718749556,22.757318813414926,517.8955595754089,8.356628417968754,820.0,824.0,-20.062500000000014,0.0,0.0,20.00000000000003,0.0,0.041320800781249896,21.26520061200839,452.20875706896203,7.108215332031252,954.0,956.0,-9.50000000000001,0.0,0.0,9.499999999999977,0.0,0.05023193359374992,9.272255707127329,85.9747258983553,3.417785644531251,2362.0,2354.0,-7.999999999999995,0.0,0.0,7.000000000000007,0.0,0.041778564453125,8.968605905081002,80.43589188065383,2.906646728515625,3228.0,3266.0,-6.0,0.0,0.0,5.999999999999972,0.0,-0.03775024414062506,7.552622607032782,57.04210824426265,2.353790283203126,3842.0,3846.0,-3.0000000000000044,0.0,0.0,2.9999999999999996,0.0,-0.010833740234375087,3.0012746215075605,9.00764935370535,1.0901794433593754
0.0,0.0,13665.519531250015,13665.519531250015,13665.519531250015,13665.519531250015,13665.519531250015,13665.519531250015,0.0,0.0,13665.519531250015,0.0,0.0,-2644.089843750002,-2644.089843750002,-2644.089843750002,-2644.089843750002,-2644.089843750002,-2644.089843750002,0.0,0.0,2644.089843750002,0.0,0.0,87.14453124999909,87.14453124999909,87.14453124999909,87.14453124999909,87.14453124999909,87.14453124999909,0.0,0.0,87.14453124999909,0.0,0.0,74.83203124999932,74.83203124999932,74.83203124999932,74.83203124999932,74.83203124999932,74.83203124999932,0.0,0.0,74.83203124999932,0.0,0.0,-5488.476953125006,-5399.6347656250055,7510.554687500007,7548.092187500006,1066.1484375000014,1044.7714843750007,6481.672986217977,42012084.700267866,6481.423828125006,2.0,2.0,-1794.5035156250017,-1262.392578125001,1395.2500000000014,1963.1312500000015,58.976562500000455,73.88085937500023,1624.0720418761698,2637609.9972038316,1557.9863281250014,2.0,2.0,-1850.527343750001,-1100.667968750001,1164.9121093750005,1710.1949218750017,74.74218749999955,-10.498046874999886,1505.2569705755498,2265798.5474662813,1402.611328125001,0.0,0.0,-2410.242187500002,-623.0820312500005,545.2109375000005,941.3046875000016,87.75781250000006,-287.3095703125002,1247.9798639118078,1557453.7407293345,910.5205078125009,7.0,7.0,-1952.3437500000014,-149.03515625000017,123.40624999999996,1944.6445312500023,0.0,3.6162109374999716,1103.5428813554367,1217806.8909902594,711.5673828125006,9.0,9.0,-1036.7226562500014,-219.33593750000017,255.32421875000017,1055.7929687500005,0.0,12.094726562499922,650.672783964144,423375.07179164956,475.1650390625004,6.0,8.0,-881.0812500000006,-109.14062500000007,273.7187500000001,492.9031250000003,0.0,-13.812011718750005,383.4827739917012,147059.03794837018,257.81396484375017,11.0,11.0,-617.3687500000009,-42.68750000000008,45.30468749999983,542.8109375000005,0.0,1.1938476562499787,347.7530729016137,120932.19971251505,181.18310546875014,19.0,18.0,-285.4890625000003,-41.66406250000001,45.234375,285.67656250000016,0.0,9.576660156249993,160.2649100645577,25684.841398000768,98.14599609375009,26.0,31.0,-266.93750000000017,-24.10937499999997,0.0,316.5156250000003,0.0,-1.576416015624993,162.38265652753455,26368.12714093926,88.74584960937504,51.0,52.0,-219.25000000000006,-7.53125,3.3281250000000853,246.3281250000001,0.0,-2.2375488281249885,164.97558675962398,27216.944226682215,73.38793945312503,66.0,67.0,-118.8125000000001,-6.750000000000003,0.0,105.34375000000001,0.0,-0.7653808593750029,71.09700193198906,5054.783683717256,35.37475585937502,135.0,133.0,-97.61875000000006,-0.2812500000000023,0.0,114.68124999999979,0.0,2.5445556640625,73.14098705297081,5349.603987082844,30.97155761718751,215.0,215.0,-63.35624999999989,0.0,0.0,75.66249999999991,0.0,0.24963378906249872,49.0898070702166,2409.8091581910876,20.06799316406251,237.0,242.0,-43.45625,0.0,0.0,35.34999999999989,0.0,-0.5633544921874991,25.001591121286967,625.0795585960153,10.803100585937504,586.0,630.0,-27.50000000000002,0.0,0.0,26.062500000000036,0.0,-0.14007568359374956,23.650543808352396,559.3482224307958,8.884338378906254,862.0,850.0,-18.312500000000085,0.0,0.0,22.12500000000002,0.0,0.33782958984375006,21.081387962120452,444.42491840943717,7.165344238281253,1006.0,1004.0,-10.000000000000007,0.0,0.0,9.999999999999986,0.0,0.02264404296875025,9.154024463756926,83.79616388306027,3.520568847656251,2388.0,2390.0,-7.999999999999995,0.0,0.0,7.000000000000006,0.0,0.03927612304687489,9.433541103032505,88.99169774260375,3.028778076171876,3360.0,3336.0,-5.999999999999986,0.0,0.0,6.000000000000014,0.0,-0.03189086914062496,7.792081078128585,60.716527528129525,2.4504699707031254,3836.0,3804.0,-3.0000000000000044,0.0,0.0,2.9999999999999996,0.0,-0.00033569335937501366,3.0000839033848763,9.000503427349035,1.0989685058593754
0.0,0.0,13804.890625000015,13804.890625000015,13804.890625000015,13804.890625000015,13804.890625000015,13804.890625000015,0.0,0.0,13804.890625000015,0.0,0.0,-2518.8671875000023,-2518.8671875000023,-2518.8671875000023,-2518.8671875000023,-2518.8671875000023,-2518.8671875000023,0.0,0.0,2518.8671875000023,0.0,0.0,-46.06250000000091,-46.06250000000091,-46.06250000000091,-46.06250000000091,-46.06250000000091,-46.06250000000091,0.0,0.0,46.06250000000091,0.0,0.0,-33.4765625,-33.4765625,-33.4765625,-33.4765625,-33.4765625,-33.4765625,0.0,0.0,33.4765625,0.0,0.0,-5590.637109375006,-5542.6230468750055,7537.970703125007,7560.887890625007,1002.9023437500009,992.4453125000009,6555.149185363884,42969980.84237679,6555.074218750006,2.0,2.0,-1686.779687500002,-1151.242187500001,1299.2460937500014,1932.8742187500015,53.56640625000023,94.43750000000011,1548.037778201179,2396420.9627380427,1468.8203125000016,2.0,2.0,-1810.8003906250017,-1009.4394531250018,1045.287109375001,1601.0886718750012,69.08203124999932,-33.23437500000034,1430.6004210140989,2046617.564605717,1310.1054687500014,0.0,0.0,-2283.9726562500014,-548.4062500000006,527.2421875000002,1079.6601562500005,84.10156250000007,-231.81445312500028,1203.8607396400246,1449280.6804466269,888.4960937500006,7.0,7.0,-1919.7539062500014,-320.11328125000006,310.67187500000017,1882.761718750001,0.0,-12.591796874999972,1134.4799077544221,1287044.661098482,794.5996093750005,9.0,9.0,-857.4414062500002,-131.57421875000009,190.6640625000001,722.9140625000007,0.0,-3.1874999999999645,521.0213074820857,271463.2028503421,368.5273437500002,6.0,8.0,-905.9718750000008,-159.69531250000009,310.60156250000057,539.31875,0.0,-1.446289062500016,397.7955394200873,158241.29118251824,264.93945312500017,11.0,11.0,-542.7515625000001,-35.26562500000002,56.585937500000036,631.0578124999992,0.0,-5.569335937499979,345.95621166951645,119685.70039272326,182.62500000000014,21.0,21.0,-287.34843750000016,-60.851562499999936,51.7500000000002,245.58124999999987,0.0,0.4023437499999787,146.5350515987418,21472.52134704592,90.32324218750006,30.0,36.0,-278.21875000000017,-37.843750000000036,0.0,301.15625000000017,0.0,-1.986816406249993,162.94758056124428,26551.91401076319,92.33300781250004,52.0,56.0,-256.5781250000001,-8.20312500000001,5.5000000000000995,209.75000000000023,0.0,-5.510742187500006,168.5154098771111,28397.443366050753,77.18652343750004,74.0,76.0,-98.20312500000007,-4.687500000000085,6.343749999999886,115.06250000000017,0.0,2.3461914062500053,70.1518565936889,4921.282983541494,36.27001953125002,145.0,142.0,-97.69375000000005,-1.4062499999999862,0.0,110.73124999999985,0.0,2.12109375,74.25814322569043,5514.271835327153,31.973876953125014,215.0,217.0,-65.65625000000009,0.0,0.0312500000001279,71.62499999999983,0.0,0.2072753906250002,50.1247820950526,2512.4937800765056,21.631591796875007,259.0,261.0,-35.87500000000002,0.0,4.951594689828198e-14,39.387499999999825,0.0,0.04125976562499993,29.338677581335958,860.7580022215851,11.757812500000005,634.0,668.0,-27.750000000000025,0.0,0.0,24.31250000000003,0.0,-0.3255615234374998,23.975097394898064,574.805295094848,9.054687500000004,860.0,864.0,-22.75,0.0,0.0,23.312500000000007,0.0,0.2031249999999995,22.437714217074557,503.45101928710966,7.898803710937503,982.0,984.0,-10.250000000000009,0.0,0.0,9.999999999999966,0.0,0.028198242187499927,9.037497408030235,81.67635940015322,3.481079101562501,2436.0,2432.0,-8.499999999999996,0.0,0.0,7.5,0.0,0.05474853515625,9.358698035317607,87.58522891625765,3.0506591796875,3272.0,3274.0,-6.499999999999986,0.0,0.0,6.500000000000014,0.0,0.021484375000000132,7.894441131273734,62.322200775146506,2.5640869140625,3960.0,3994.0,-3.0000000000000044,0.0,0.0,3.0000000000000044,0.0,-0.011047363281250005,2.9009475783352086,8.41549685224891,1.0850830078125004
0.0,0.0,13339.832031250016,13339.832031250016,13339.832031250016,13339.832031250016,13339.832031250016,13339.832031250016,0.0,0.0,13339.832031250016,0.0,0.0,-2202.1992187500036,-2202.1992187500036,-2202.1992187500036,-2202.1992187500036,-2202.1992187500036,-2202.1992187500036,0.0,0.0,2202.1992187500036,0.0,0.0,-75.00390625,-75.00390625,-75.00390625,-75.00390625,-75.00390625,-75.00390625,0.0,0.0,75.00390625,0.0,0.0,25.058593749999545,25.058593749999545,25.058593749999545,25.058593749999545,25.058593749999545,25.058593749999545,0.0,0.0,25.058593749999545,0.0,0.0,-5525.055078125006,-5499.6816406250055,7454.308593750007,7483.624218750007,976.4921875000009,978.1347656250009,6488.42889363307,42099709.50773247,6488.388671875006,2.0,2.0,-1488.164843750001,-916.6367187500002,1013.9707031250011,1593.2378906250012,47.054687500000455,50.27929687500034,1296.9506034106419,1682080.867687228,1205.052734375001,2.0,2.0,-1497.980859375001,-787.2480468750007,852.2695312500011,1431.5039062500011,59.90625000000023,5.115234375000227,1215.2078465313894,1476730.1102714567,1088.501953125001,0.0,0.0,-2228.015625000002,-520.8515625000003,329.6914062500001,1296.4296875000011,22.875000000000018,-241.8056640625002,1154.1140628814162,1331979.2701406498,819.4501953125006,7.0,7.0,-2013.0156250000018,-263.98828125000057,254.11718750000026,1896.8593750000018,0.0,-26.459960937500114,1148.066358196483,1318056.3628225352,779.2216796875008,9.0,9.0,-737.0937500000009,-86.41796874999986,127.39843749999974,641.8789062500008,0.0,-11.711914062500032,443.7572107540503,196920.46209621461,309.0048828125002,5.0,7.0,-898.3265625000006,-113.29687500000009,193.69531250000014,517.9515625000003,0.0,-8.820800781250005,381.60166535412753,145619.83100104355,237.00341796875017,13.0,12.0,-374.9062500000004,-75.23437499999994,21.96093750000001,511.96718749999906,0.0,-11.420410156250014,339.73740797272853,115421.5063760282,179.4575195312501,18.0,19.0,-201.77343750000017,-37.83593750000014,21.96093750000001,220.62031250000024,0.0,-9.278808593750002,130.1625405640404,16942.286966085463,80.41357421875009,33.0,37.0,-273.9375000000002,-24.968750000000107,5.640625000000009,215.50000000000017,0.0,-12.907958984374996,137.32836454641648,18859.079708993457,78.60034179687504,50.0,48.0,-222.29687500000006,-3.453125000000001,14.328125,239.125,0.0,1.7795410156250049,168.29265743241262,28322.418545663386,77.11547851562503,69.0,69.0,-130.46875000000006,-2.390624999999993,5.187500000000007,107.68749999999997,0.0,-0.5310058593749916,74.8099080256592,5596.522338807588,36.344482421875014,133.0,135.0,-102.94375000000008,-1.5312499999999925,0.0,116.84999999999997,0.0,0.5286865234375018,67.24600390157647,4522.025040730838,30.291870117187514,217.0,217.0,-71.1875,0.0,0.0,70.21249999999989,0.0,0.05969238281249967,50.71455979666234,2571.9665753692407,21.092651367187507,244.0,244.0,-36.25,0.0,0.0,36.337499999999935,0.0,0.3499755859375016,28.268100566592008,799.0855096429593,11.810913085937504,628.0,634.0,-25.250000000000007,0.0,0.0,25.06250000000002,0.0,0.49102783203125,25.804629469227955,665.8789020441477,9.236267089843754,856.0,856.0,-20.812499999999964,0.0,0.0,22.624999999999964,0.0,0.4037475585937508,21.432907756671753,459.3695349060002,7.455505371093752,1000.0,998.0,-9.25,0.0,0.0,9.499999999999982,0.0,0.05291748046874997,9.049045004161002,81.8852154873312,3.376403808593751,2416.0,2460.0,-7.500000000000002,0.0,0.0,6.5000000000000036,0.0,-0.02554321289062489,9.104546386430995,82.89276490267369,2.886260986328125,3214.0,3226.0,-5.999999999999986,0.0,0.0,6.0,0.0,0.10238647460937511,7.635826541106848,58.305846965871766,2.389739990234375,3866.0,3828.0,-2.5000000000000107,0.0,0.0,2.5000000000000053,0.0,0.004425048828124972,2.811983776235215,7.907252757810059,0.9969787597656252
0.0,0.0,12980.148437500015,12980.148437500015,12980.148437500015,12980.148437500015,12980.148437500015,12980.148437500015,0.0,0.0,12980.148437500015,0.0,0.0,-1834.5000000000018,-1834.5000000000018,-1834.5000000000018,-1834.5000000000018,-1834.5000000000018,-1834.5000000000018,0.0,0.0,1834.5000000000018,0.0,0.0,25.36718749999909,25.36718749999909,25.36718749999909,25.36718749999909,25.36718749999909,25.36718749999909,0.0,0.0,25.36718749999909,0.0,0.0,30.93750000000091,30.93750000000091,30.93750000000091,30.93750000000091,30.93750000000091,30.93750000000091,0.0,0.0,30.93750000000091,0.0,0.0,-5587.229296875006,-5553.2402343750055,7356.087890625007,7360.592578125007,907.5664062500009,895.2812500000009,6462.715173169514,41766687.40951546,6462.683593750006,2.0,2.0,-1399.9507812500015,-905.785156250001,878.0078125000015,1431.9015625000015,-26.332031249999773,-1.4453124999997726,1193.2964627315093,1423956.4479675326,1110.2421875000014,2.0,2.0,-1427.4972656250015,-878.3613281250017,828.6816406250016,1380.3300781250007,-25.36328125,-24.316406250000114,1175.9837334279903,1382937.7412872345,1082.8515625000014,2.0,0.0,-2224.500000000002,-524.7304687500002,195.6445312500002,1421.7773437500014,0.0,-276.7421875000002,1195.8954519167992,1430165.9319152853,815.6894531250007,8.0,8.0,-2103.1210937500023,-220.16015625000003,240.19531250000003,1973.5468750000016,0.0,-3.3261718750001137,1191.4822118058055,1419629.8610496544,786.3417968750006,8.0,6.0,-671.5781250000009,-14.32421875000001,50.69140624999994,713.1992187500007,0.0,6.4492187500000355,426.7913786320363,182150.88087463417,268.1132812500003,8.0,6.0,-895.1375000000006,-19.671874999999982,42.898437500000114,634.2328125000001,0.0,-17.257812500000014,385.6067165992766,148692.5398864748,221.8847656250001,14.0,14.0,-655.3468750000006,-24.859374999999943,22.921875000000064,455.99999999999966,0.0,0.8828125,339.18581845309717,115047.01943969741,179.79492187500009,17.0,17.0,-187.2687500000001,-13.921875000000213,2.625000000000002,216.66562499999995,0.0,2.186523437499983,114.49481495523821,13109.06265163424,63.82226562500006,28.0,37.0,-275.0625000000001,-25.187500000000036,0.0,180.54687500000034,0.0,-15.455566406250012,134.25003163197044,18023.070993185065,71.89697265625003,58.0,58.0,-155.73437500000009,-2.8125,0.32812499999994316,205.81250000000003,0.0,2.1606445312500204,155.5251908941467,24188.085002660777,68.63232421875003,70.0,70.0,-111.48437500000004,-9.499999999999917,0.0,103.20312500000007,0.0,-1.229003906250001,69.26768792279638,4798.012590169911,34.448242187500014,154.0,167.0,-98.81875000000001,0.0,0.0,77.03124999999999,0.0,-2.8813476562500027,56.69263901596027,3214.0553185939807,25.318359375000007,209.0,210.0,-68.93125000000003,0.0,0.0,61.362499999999784,0.0,-0.24682617187500097,50.29937100327651,2530.0267233252544,19.628417968750004,248.0,248.0,-36.71250000000002,0.0,0.0,32.77499999999977,0.0,-0.751953125000003,27.851209606701055,775.689876556397,10.969482421875004,638.0,670.0,-24.00000000000003,0.0,0.0,22.812499999999986,0.0,-0.2930908203125,22.421116981253732,502.70648668706446,8.060913085937504,872.0,868.0,-19.75,0.0,0.0,17.750000000000007,0.0,0.10974121093749983,20.642916852828577,426.1300161927941,6.9130859375000036,988.0,1002.0,-9.500000000000018,0.0,0.0,9.249999999999975,0.0,-0.03820800781250029,9.277075100673146,86.06412242352968,3.318481445312501,2470.0,2496.0,-7.000000000000007,0.0,0.0,5.999999999999999,0.0,-0.0390625,9.02094967057152,81.3775329589844,2.77685546875,3332.0,3270.0,-5.499999999999986,0.0,0.0,5.500000000000014,0.0,-0.009826660156250035,7.761202360416092,60.23626207932831,2.3513183593750004,3818.0,3778.0,-2.5000000000000053,0.0,0.0,2.5000000000000004,0.0,0.004028320312500012,2.904550852954909,8.436415657401088,0.9984741210937504
0.0,0.0,12507.898437500013,12507.898437500013,12507.898437500013,12507.898437500013,12507.898437500013,12507.898437500013,0.0,0.0,12507.898437500013,0.0,0.0,-1560.1406250000007,-1560.1406250000007,-1560.1406250000007,-1560.1406250000007,-1560.1406250000007,-1560.1406250000007,0.0,0.0,1560.1406250000007,0.0,0.0,-23.71093750000182,-23.71093750000182,-23.71093750000182,-23.71093750000182,-23.71093750000182,-23.71093750000182,0.0,0.0,23.71093750000182,0.0,0.0,60.82812500000091,60.82812500000091,60.82812500000091,60.82812500000091,60.82812500000091,60.82812500000091,0.0,0.0,60.82812500000091,0.0,0.0,-5486.869921875005,-5464.5996093750055,7012.8847656250055,7063.608203125007,768.21484375,780.0703125000005,6254.0344097263205,39112946.398040846,6253.9492187500055,2.0,2.0,-1194.0890625000013,-887.6953125000014,876.1679687500017,1223.127343750001,-14.214843749999773,2.6875000000001137,1053.951876053815,1110814.5570373565,1018.0468750000015,2.0,2.0,-1227.3917968750013,-897.4902343750014,866.3730468750017,1189.8246093750013,-14.214843749999773,-16.902343749999886,1053.81976185179,1110536.0904693634,1018.0468750000015,0.0,0.0,-2219.300781250002,-519.0937500000005,265.7421875000001,1533.726562500001,0.0,-217.32031250000023,1258.9563025419934,1584970.9717102074,872.2441406250007,4.0,4.0,-2188.9140625000014,-29.992187499999773,114.31250000000034,1975.4023437500016,0.0,-6.1523437499998295,1142.4812493185862,1305263.4050445573,699.1230468750005,4.0,4.0,-605.1289062500008,0.0,58.44531249999963,627.8359375000007,0.0,9.302734374999943,390.40230495347043,152413.95971298253,244.60742187500026,2.0,2.0,-840.3437500000003,-74.03125000000006,0.0,876.5515624999998,0.0,-0.04589843750002398,446.4844168638144,199348.3345022204,262.92968750000017,10.0,10.0,-610.5531250000004,0.0,28.859374999999886,524.5609374999997,0.0,7.751953125,336.982114588929,113556.94555282606,172.8320312500001,13.0,13.0,-135.26093750000004,-0.17968750000017053,4.109375000000043,220.58281249999982,0.0,6.6992187500000036,98.77577966195541,9756.654647827163,55.02441406250006,30.0,31.0,-333.8437500000002,-13.390625000000043,0.0,263.6875000000002,0.0,-11.065917968750007,151.47462604584842,22944.56233572962,77.78808593750004,58.0,58.0,-162.00000000000003,0.0,0.0,188.01562500000006,0.0,2.7871093750000027,142.55206823919204,20321.092159271262,62.06933593750003,56.0,56.0,-102.18750000000009,0.0,0.0,95.23437500000006,0.0,0.9492187500000047,67.95682288042151,4618.12977600098,30.82666015625001,142.0,139.0,-96.79374999999999,0.0,0.0,98.51874999999981,0.0,0.5229492187500018,67.52628018098886,4559.798515081409,27.60058593750001,211.0,218.0,-65.79375000000002,0.0,0.0,65.32499999999962,0.0,0.259277343749999,53.33546607576225,2844.6719415187854,20.411132812500007,241.0,243.0,-39.506249999999966,0.0,0.0,33.50000000000005,0.0,0.07934570312500011,29.916737636842388,895.0111908316619,11.412841796875005,620.0,612.0,-23.31250000000003,0.0,0.0,21.500000000000014,0.0,0.48571777343750044,26.572501745159798,706.0978489965205,8.872924804687504,814.0,802.0,-18.250000000000014,0.0,0.0,18.062500000000036,0.0,-0.004638671874999799,21.461472377214896,460.59479659795795,6.847534179687502,946.0,942.0,-7.500000000000001,0.0,0.0,7.7500000000000036,0.0,0.016601562499999972,9.927953921420919,98.564269065857,3.263305664062502,2348.0,2418.0,-6.5000000000000036,0.0,0.0,5.500000000000005,0.0,-0.07818603515625,8.402380410517436,70.59999656304717,2.5924072265625,3164.0,3174.0,-4.999999999999986,0.0,0.0,5.0,0.0,0.01440429687499999,7.810210995083034,60.999395787715926,2.2518920898437504,3650.0,3588.0,-2.5000000000000004,0.0,0.0,2.5000000000000004,0.0,0.0030517578125000286,3.1214271314840714,9.743307337164879,0.9957885742187502
0.0,0.0,11937.179687500015,11937.179687500015,11937.179687500015,11937.179687500015,11937.179687500015,11937.179687500015,0.0,0.0,11937.179687500015,0.0,0.0,-1247.4453125000016,-1247.4453125000016,-1247.4453125000016,-1247.4453125000016,-1247.4453125000016,-1247.4453125000016,0.0,0.0,1247.4453125000016,0.0,0.0,-179.5078125000009,-179.5078125000009,-179.5078125000009,-179.5078125000009,-179.5078125000009,-179.5078125000009,0.0,0.0,179.5078125000009,0.0,0.0,91.35156249999977,91.35156249999977,91.35156249999977,91.35156249999977,91.35156249999977,91.35156249999977,0.0,0.0,91.35156249999977,0.0,0.0,-5375.721875000006,-5322.8281250000055,6524.597656250006,6687.113281250006,578.0468750000009,623.7226562500007,5969.439401115958,35634206.763595656,5968.589843750006,2.0,2.0,-898.8023437500017,-674.9179687500011,780.2656250000007,1007.984375000001,51.87499999999977,53.47265624999977,842.947700905456,710560.8264617941,821.6757812500011,2.0,2.0,-992.4218750000013,-702.453125000001,752.7304687500008,914.3648437500015,51.87499999999977,-1.59765625,844.6405146112347,713417.5989227315,821.6757812500011,0.0,0.0,-2210.3085937500027,-458.7421875000004,244.05859375000028,1631.5664062500014,0.0,-184.4394531250001,1267.7765001247851,1607257.2542686493,878.9121093750008,6.0,6.0,-2222.707031250002,-41.94921875,125.16406250000023,1995.2226562500014,0.0,-19.203124999999957,1125.185240879895,1266041.8262939472,684.3242187500005,6.0,6.0,-551.3437500000002,-2.8281250000001137,17.496093750000057,526.0156250000006,0.0,-7.457031250000007,330.59779208462027,109294.90013122582,204.81250000000028,0.0,0.0,-980.9046875000007,-16.554687500000043,11.976562499999954,1015.9656250000005,0.0,22.38769531250002,495.2749600299585,245297.286032677,297.3349609375002,10.0,10.0,-314.95781250000044,0.0,5.2421874999998295,529.0078124999999,0.0,18.07421875,319.5528295118026,102114.01084899917,161.51953125000009,16.0,16.0,-148.40937500000044,-7.562500000000007,0.0,158.84531250000018,0.0,6.228515624999987,103.43005703888099,10697.776699066175,59.65429687500004,31.0,36.0,-333.25000000000017,-10.640625000000112,0.0,346.73437500000017,0.0,-8.64550781250001,166.56094584929824,27742.54868221286,80.82373046875006,66.0,67.0,-222.2656250000002,0.0,0.0,274.375,0.0,1.4355468749999982,145.04584771478486,21038.29793930056,67.21337890625004,55.0,56.0,-101.3750000000001,0.0,0.0,92.60937499999996,0.0,-0.8051757812500018,55.56313746486791,3087.2622449398073,28.011718750000007,159.0,158.0,-91.73125,0.0,0.0,84.2124999999998,0.0,2.0971679687500018,69.88674497590554,4884.157123327259,27.38500976562501,238.0,238.0,-67.03749999999994,0.0,0.0,67.53124999999999,0.0,0.48876953125000244,54.417053900631466,2961.21575522423,20.13940429687501,258.0,257.0,-30.10624999999999,0.0,0.0,28.500000000000107,0.0,-0.30834960937499933,26.38776999637673,696.3144053816799,9.968994140625004,614.0,644.0,-21.062500000000043,0.0,0.0,17.250000000000007,0.0,-0.40991210937499956,21.215313099371993,450.08950990438484,7.026855468750003,754.0,756.0,-16.750000000000014,0.0,0.0,19.24999999999998,0.0,0.12524414062499975,21.150547807274812,447.3456725478174,6.575317382812503,920.0,918.0,-7.249999999999984,0.0,0.0,7.2500000000000195,0.0,0.03161621093750006,9.07024898638244,82.26941667497167,2.9241943359375013,2330.0,2378.0,-5.999999999999992,0.0,0.0,5.000000000000011,0.0,-0.08154296875,7.794070287882358,60.747531652450576,2.35308837890625,3046.0,3066.0,-4.500000000000001,0.0,0.0,4.5,0.0,-0.020263671875000028,7.358071857741013,54.14122146368028,2.07928466796875,3640.0,3618.0,-2.5,0.0,0.0,2.5,0.0,-0.0006713867187499948,2.8753767226724833,8.267791297286752,0.9096679687500002
0.0,0.0,11316.636718750013,11316.636718750013,11316.636718750013,11316.636718750013,11316.636718750013,11316.636718750013,0.0,0.0,11316.636718750013,0.0,0.0,-1053.6914062500018,-1053.6914062500018,-1053.6914062500018,-1053.6914062500018,-1053.6914062500018,-1053.6914062500018,0.0,0.0,1053.6914062500018,0.0,0.0,-45.05078125000182,-45.05078125000182,-45.05078125000182,-45.05078125000182,-45.05078125000182,-45.05078125000182,0.0,0.0,45.05078125000182,0.0,0.0,122.1054687500008,122.1054687500008,122.1054687500008,122.1054687500008,122.1054687500008,122.1054687500008,0.0,0.0,122.1054687500008,0.0,0.0,-5158.441796875005,-5112.2089843750055,6143.3750000000055,6243.668750000007,504.3203125,526.8457031250005,5658.692559738312,32020801.48563773,5658.3183593750055,2.0,2.0,-691.744140625,-502.90820312500034,473.55078125000057,659.0539062500008,-13.984375,-15.373046874999773,587.3086652201258,344931.4682426458,566.2167968750005,2.0,2.0,-663.2492187500009,-494.52734375000057,481.93164062500034,687.5488281249999,-13.984375,1.3886718749997726,587.5081875202169,345165.8704032903,566.2167968750005,0.0,0.0,-2235.398437500002,-457.05859375000034,193.09375000000028,1646.8750000000014,0.0,-219.6416015625001,1244.9922201438262,1550005.6282186536,851.0830078125008,6.0,6.0,-2216.195312500002,-183.12500000000034,168.25000000000034,1987.4140625000018,0.0,-29.96191406249997,1141.2153610935043,1302372.5003957772,726.9482421875007,6.0,6.0,-505.8437500000002,-16.402343750000256,19.671875000000114,494.4218750000007,0.0,9.342773437500075,290.0613093566462,84135.56318569201,177.68457031250028,2.0,2.0,-1068.117187500001,0.0,91.76562500000011,1008.653125,0.0,19.099121093750007,502.6368772177324,252643.83033919375,293.6987304687502,8.0,8.0,-292.87343750000014,0.0,69.25,439.78749999999934,0.0,23.84912109375003,305.8423928951482,93539.56929183018,145.37353515625009,20.0,20.0,-147.09218749999997,0.0,14.937500000000156,246.93593750000028,0.0,11.103027343750025,109.71184162217472,12036.688192129148,64.39404296875004,30.0,30.0,-218.71875000000026,-13.906250000000181,0.0,434.4531250000003,0.0,-1.712646484375,163.96289561820058,26883.831139504935,74.57934570312503,57.0,57.0,-188.65624999999991,0.0,0.0,216.84375000000017,0.0,2.8889160156250053,138.29250485561406,19124.81689924004,62.409912109375036,62.0,62.0,-79.46875000000006,0.0,0.0,79.64062500000003,0.0,-0.006103515625002887,54.70149912320687,2992.254006326202,26.176513671875007,145.0,135.0,-69.60625,0.0,0.0,75.52499999999978,0.0,1.2149658203125,58.17337989948236,3384.1421289294985,22.359985351562507,216.0,218.0,-56.93750000000002,0.0,0.0,59.57499999999985,0.0,0.5277099609374967,47.24099705074499,2231.7118023484963,17.271362304687507,231.0,237.0,-27.174999999999986,0.0,0.0,26.425000000000004,0.0,-0.2645263671875002,22.843998872090125,521.848284468055,8.552124023437504,568.0,570.0,-16.312500000000007,0.0,0.0,14.249999999999996,0.0,0.53826904296875,23.211892355756635,538.7919467352334,7.076477050781253,760.0,760.0,-13.999999999999979,0.0,0.0,15.74999999999999,0.0,0.24627685546875042,18.707473783800776,349.96957537159335,5.802307128906251,892.0,886.0,-6.25000000000003,0.0,0.0,6.2499999999999725,0.0,-0.05352783203125018,8.387443043695567,70.34920081123715,2.6858520507812513,2302.0,2286.0,-5.000000000000011,0.0,0.0,4.4999999999999964,0.0,0.024810791015625,8.43088450293311,71.07981350179764,2.251556396484375,3084.0,3090.0,-4.0,0.0,0.0,4.000000000000012,0.0,-0.02847290039062492,6.909914307310406,47.74691573437305,1.8712463378906254,3508.0,3538.0,-2.000000000000006,0.0,0.0,2.000000000000006,0.0,-0.00863647460937501,2.788641511675938,7.776521480642263,0.8354797363281252
0.0,0.0,10927.121093750013,10927.121093750013,10927.121093750013,10927.121093750013,10927.121093750013,10927.121093750013,0.0,0.0,10927.121093750013,0.0,0.0,-942.5585937500008,-942.5585937500008,-942.5585937500008,-942.5585937500008,-942.5585937500008,-942.5585937500008,0.0,0.0,942.5585937500008,0.0,0.0,177.16796875,177.16796875,177.16796875,177.16796875,177.16796875,177.16796875,0.0,0.0,177.16796875,0.0,0.0,153.0820312500001,153.0820312500001,153.0820312500001,153.0820312500001,153.0820312500001,153.0820312500001,0.0,0.0,153.0820312500001,0.0,0.0,-5107.868750000006,-4909.7187500000055,5928.8183593750055,5943.269921875006,547.8203125000005,471.2792968750002,5464.814681096676,29864199.49872977,5463.5605468750055,2.0,2.0,-640.6972656250008,-472.67382812500057,300.6679687500002,461.15859375000065,-84.43359375000023,-87.57226562500011,475.26049900247284,225872.54191207947,455.11132812500057,2.0,2.0,-486.4886718750008,-427.31835937500057,346.0234375000002,615.3671875000006,-84.43359375000023,3.1386718749998863,483.25106555250983,233531.59235763614,455.11132812500057,0.0,0.0,-2359.7968750000027,-499.67578125000045,204.23828125000009,1657.3984375000018,0.0,-245.89746093750023,1281.4222027828837,1642042.861784938,875.3955078125007,6.0,6.0,-2155.402343750002,-218.00781250000023,184.6367187500001,1971.9453125000018,0.0,-39.846679687500014,1142.3380860465984,1304936.3028326058,739.9794921875007,2.0,2.0,-524.8671875000003,0.0,15.816406250000128,470.6914062500008,0.0,14.936523437500167,294.48251583451474,86719.95213222521,167.2060546875002,4.0,4.0,-830.0796875000004,-15.429687499999975,4.015624999999954,988.7859374999998,0.0,21.962402343749993,475.2596310375116,225871.71689391165,276.8696289062502,10.0,10.0,-433.60156250000034,0.0,27.937500000000114,480.2734374999997,0.0,6.3764648437500355,316.6131822083896,100243.90714812292,155.4985351562501,14.0,16.0,-142.5375,0.0,10.882812499999957,202.32968749999975,0.0,9.360839843750007,104.22332509191777,10862.501493215577,60.63427734375004,28.0,28.0,-255.57812500000023,-12.265625000000002,0.0,351.68750000000017,0.0,0.1774902343750142,179.1168701896831,32082.853186547793,83.62426757812506,59.0,59.0,-221.03125000000003,0.0,0.0,239.68750000000014,0.0,1.7917480468749982,141.9435029146239,20147.958019673846,65.40161132812503,61.0,63.0,-82.32812500000011,0.0,0.0,92.76562500000006,0.0,1.5144042968749947,61.87414740109891,3828.410116612915,28.929443359375007,138.0,138.0,-84.46250000000005,0.0,0.0,79.5187499999997,0.0,0.0587158203125,53.90930486440341,2906.213150963189,20.966918945312507,194.0,194.0,-55.44375000000009,0.0,0.0,55.37499999999984,0.0,0.06579589843750028,44.69974074458541,1998.066822633149,16.261840820312507,242.0,238.0,-24.59999999999999,0.0,0.0,23.631249999999866,0.0,-0.371459960937499,22.56009369293364,508.9578274339442,8.283569335937504,592.0,606.0,-16.375000000000043,0.0,0.0,14.249999999999982,0.0,0.6483764648437504,25.168202525898465,633.4384183846419,7.143981933593752,726.0,726.0,-12.500000000000028,0.0,0.0,14.562499999999979,0.0,0.21002197265625022,18.362607867612724,337.1853676997127,5.517639160156252,898.0,890.0,-5.750000000000006,0.0,0.0,6.250000000000011,0.0,-0.017028808593749986,8.509179035979772,72.40612786635762,2.662048339843751,2302.0,2370.0,-4.500000000000007,0.0,0.0,4.000000000000003,0.0,-0.09164428710937506,7.040489355344993,49.568490362726166,1.9601745605468754,3108.0,3108.0,-4.0,0.0,0.0,3.999999999999986,0.0,-0.017303466796874927,6.659984851474721,44.35539822187276,1.7981262207031252,3478.0,3436.0,-2.000000000000006,0.0,0.0,2.000000000000006,0.0,0.004974365234374999,2.7812537810415114,7.735372594557704,0.8297424316406252
0.0,0.0,10583.445312500013,10583.445312500013,10583.445312500013,10583.445312500013,10583.445312500013,10583.445312500013,0.0,0.0,10583.445312500013,0.0,0.0,-651.5234375000009,-651.5234375000009,-651.5234375000009,-651.5234375000009,-651.5234375000009,-651.5234375000009,0.0,0.0,651.5234375000009,0.0,0.0,244.4765625,244.4765625,244.4765625,244.4765625,244.4765625,244.4765625,0.0,0.0,244.4765625,0.0,0.0,163.52343750000014,163.52343750000014,163.52343750000014,163.52343750000014,163.52343750000014,163.52343750000014,0.0,0.0,163.52343750000014,0.0,0.0,-5108.760937500005,-4863.960937500005,5597.2460937500055,5645.817968750006,407.52343750000045,325.76171875000045,5293.765752914037,28023955.846725523,5291.7226562500055,2.0,2.0,-550.7226562499999,-386.51953124999966,176.52734375000057,321.24921875000075,-100.93749999999955,-109.05468749999955,369.1467530906686,136269.32531738305,345.8828125000002,2.0,2.0,-351.53046875000075,-327.9335937499999,235.11328125000034,520.4414062499999,-100.93749999999955,8.1171875,384.8329006857333,148096.36145019546,345.8828125000002,0.0,0.0,-2274.804687500002,-480.22265625000017,317.9492187500002,1786.5898437500018,0.0,-163.0761718750001,1339.1101178435747,1793215.9077110323,933.4121093750008,6.0,6.0,-2081.5820312500023,-225.30859375000034,190.03125,2012.7187500000018,0.0,-40.7187500000002,1149.0572160862341,1320332.4858398463,751.5410156250007,4.0,4.0,-565.2929687500007,0.0,135.41796875000043,517.7578125000007,0.0,17.242187500000043,310.9519055825988,96691.08758544942,187.0781250000002,2.0,2.0,-837.3078125000005,-34.07031250000016,0.0,975.9171875000004,0.0,19.626953125000007,486.8361699027008,237009.45632553136,283.1416015625002,12.0,12.0,-678.5281250000003,0.0,7.765624999999659,541.303125,0.0,-9.750976562499979,343.9659004595922,118312.54067897811,176.5224609375001,16.0,16.0,-221.82343749999984,0.0,12.593750000000366,155.7578124999999,0.0,0.6875000000000124,118.53000991619142,14049.363250732436,66.26464843750006,24.0,24.0,-272.0156250000002,-0.875000000000027,0.0,341.4687500000002,0.0,6.878417968750007,190.19436209851153,36173.89537405972,88.44824218750006,43.0,43.0,-227.82812500000014,-0.03124999999997158,0.0,236.79687500000014,0.0,-2.4306640625000018,143.39220656800654,20561.324904441855,62.70312500000003,61.0,59.0,-96.82812499999997,0.0,0.0,120.60937500000007,0.0,2.7060546875000044,68.75464400125422,4727.201071739202,32.535156250000014,141.0,169.0,-80.29999999999995,0.0,0.0,60.243749999999906,0.0,-2.455322265624999,48.37238617114404,2339.8877438902873,19.008056640625007,184.0,187.0,-58.61875000000002,0.0,0.0,44.718749999999886,0.0,-1.2619628906249964,43.83655372054614,1921.6434420943276,16.270263671875007,233.0,236.0,-29.424999999999997,0.0,0.0,25.443749999999948,0.0,-0.33862304687499917,24.976033213200434,623.8022350668912,8.874267578125004,562.0,582.0,-17.500000000000004,0.0,0.0,13.999999999999986,0.0,-0.4317626953125,19.715686529522767,388.70829533040546,6.335449218750002,762.0,758.0,-11.500000000000007,0.0,0.0,13.81249999999999,0.0,0.2137451171875,18.043199139643928,325.5570351928474,5.307128906250002,894.0,888.0,-6.06250000000003,0.0,0.0,6.000000000000034,0.0,-0.09655761718749992,7.99320789341453,63.89137242734435,2.526245117187501,2230.0,2212.0,-4.4999999999999964,0.0,0.0,4.4999999999999964,0.0,0.02612304687499989,8.327550839641424,69.34810298681259,2.14715576171875,3006.0,3046.0,-3.5,0.0,0.0,3.5,0.0,-0.012390136718749951,6.97576626546299,48.66131499037147,1.7725830078125004,3368.0,3354.0,-2.0000000000000013,0.0,0.0,2.000000000000006,0.0,0.0008544921874999913,2.8613006668596066,8.18704150617123,0.8232421875000002
