0.0,0.0,14043.703125000015,14043.703125000015,14043.703125000015,14043.703125000015,14043.703125000015,14043.703125000015,0.0,0.0,14043.703125000015,0.0,0.0,-1934.203125000001,-1934.203125000001,-1934.203125000001,-1934.203125000001,-1934.203125000001,-1934.203125000001,0.0,0.0,1934.203125000001,0.0,0.0,148.21093750000182,148.21093750000182,148.21093750000182,148.21093750000182,148.21093750000182,148.21093750000182,0.0,0.0,148.21093750000182,0.0,0.0,-98.9765624999992,-98.9765624999992,-98.9765624999992,-98.9765624999992,-98.9765624999992,-98.9765624999992,0.0,0.0,98.9765624999992,0.0,0.0,-5817.589843750007,-5770.667968750006,6808.519531250007,6829.0039062500055,524.4335937500005,513.4179687499995,6303.708911890899,39736746.045852736,6303.636718750007,2.0,2.0,-1666.712890625003,-1287.0019531250018,1103.3964843750007,1354.679296875001,-65.04687500000045,-118.55859375000068,1353.515464990297,1832004.1139679002,1326.6562500000016,2.0,2.0,-1151.2207031250018,-846.6035156250011,897.2050781250013,941.5160156250009,79.53125000000023,-28.929687500000114,961.8553972116943,925165.8051452662,944.5976562500013,0.0,0.0,-2647.3398437500027,-539.4257812500002,470.3437500000004,848.4765625000007,2.6249999999996305,-312.6328125000003,1153.4351856689066,1330412.727539065,826.6289062500008,9.0,9.0,-2126.578125000002,-269.93359375000006,213.25781250000017,1956.5117187500023,0.0,-10.111328124999929,1214.5700267628617,1475180.3499107389,840.0800781250007,7.0,7.0,-728.2851562500002,-260.62890625000017,262.5156250000001,475.32031249999903,0.0,-29.56835937500015,449.9110497914638,202419.95272445705,334.7187500000001,6.0,8.0,-835.7875000000001,-278.7656250000002,246.84375000000023,759.2140625000004,0.0,-1.5322265625000266,512.7225077897048,262884.3699941638,348.5058593750002,13.0,13.0,-768.7890625000007,-112.96875000000001,97.80468750000011,1057.0734375,0.0,13.568359375000021,487.23459274413904,237397.548366547,279.7392578125002,19.0,19.0,-385.35000000000025,-55.33593750000003,43.88281250000002,319.80000000000007,0.0,-4.196289062499995,212.9820959934615,45361.37321376805,128.67578125000006,25.0,26.0,-407.23437500000017,-8.671875000000078,18.281250000000036,407.9218750000002,0.0,3.46435546875,238.6593474596335,56958.284129858075,119.30957031250006,61.0,61.0,-275.1562500000002,-20.953125000000114,7.359374999999929,287.9218750000002,0.0,1.1752929687500018,174.64544135322018,30501.030185461073,88.75000000000004,72.0,73.0,-144.203125,-2.0625000000000426,8.84375000000001,114.87500000000009,0.0,-1.5712890625,76.14470177752057,5798.015608787544,41.04101562500003,176.0,168.0,-116.03125000000007,-2.4062500000000053,0.0,83.57499999999989,0.0,-4.043212890624999,65.29987257626286,4264.073358476166,29.291015625000014,227.0,223.0,-86.50000000000013,0.0,0.37499999999991473,87.06875000000007,0.0,0.9035644531250024,57.91252650178601,3353.8607258200673,26.415283203125007,292.0,296.0,-44.21250000000002,0.0,0.5000000000000242,40.75,0.0,0.25732421875000117,27.038510157937672,731.0810315608986,12.809326171875007,699.0,708.0,-28.375000000000014,0.0,0.0,26.750000000000014,0.0,-0.2718505859375,25.33221608390818,641.7211717218163,9.785766601562504,953.0,955.0,-26.75,0.0,0.0,25.999999999999982,0.0,0.09484863281250092,23.41182852573661,548.1137149184945,8.656250000000002,1101.0,1098.0,-13.562500000000014,0.0,0.0,12.499999999999984,0.0,-0.10839843749999988,10.412910735420033,108.42870998382575,4.311035156250002,2680.0,2678.0,-10.99999999999999,0.0,0.0,11.0,0.0,0.07623291015624989,10.112941873093378,102.27159332856539,3.89019775390625,3680.0,3710.0,-7.999999999999972,0.0,0.0,7.500000000000014,0.0,-0.07519531249999999,8.552537398804335,73.1458959579468,2.9324951171875004,4310.0,4312.0,-4.99999999999999,0.0,0.0,5.0,0.0,0.017028808593750003,3.9227483539712473,15.387954648584131,1.6428222656250004
0.0,0.0,14161.562500000015,14161.562500000015,14161.562500000015,14161.562500000015,14161.562500000015,14161.562500000015,0.0,0.0,14161.562500000015,0.0,0.0,-1780.9375000000018,-1780.9375000000018,-1780.9375000000018,-1780.9375000000018,-1780.9375000000018,-1780.9375000000018,0.0,0.0,1780.9375000000018,0.0,0.0,117.21875000000091,117.21875000000091,117.21875000000091,117.21875000000091,117.21875000000091,117.21875000000091,0.0,0.0,117.21875000000091,0.0,0.0,2.7031249999994316,2.7031249999994316,2.7031249999994316,2.7031249999994316,2.7031249999994316,2.7031249999994316,0.0,0.0,2.7031249999994316,0.0,0.0,-5987.961718750006,-5900.4648437500055,6817.6406250000055,6879.271875000007,463.9765625,453.19921875000045,6390.432279254987,40837624.71574409,6390.1210937500055,2.0,2.0,-1775.6929687500017,-1414.9335937500011,1330.5976562500011,1481.1132812500016,1.6328125,-85.96875,1497.1069981235712,2241329.3638305706,1479.2812500000014,2.0,2.0,-1285.5054687500012,-1085.058593750001,1036.914062500001,1067.4765625000005,11.3203125,-59.46484375000023,1115.5301983625832,1244407.6234588644,1109.113281250001,0.0,0.0,-2584.460937500002,-595.4960937500005,447.72265625000034,870.7382812500007,143.9218750000001,-303.85351562500017,1183.292142263059,1400180.2939414994,874.2285156250006,9.0,9.0,-2155.738281250001,-296.05468750000006,253.38671875000017,1895.468750000001,0.0,-32.33203125000004,1211.343742196419,1467353.6617584247,842.6914062500005,7.0,7.0,-671.0546875000002,-177.8749999999999,252.93359374999991,551.5898437500001,0.0,-8.947265625000057,465.01931794350065,216242.96606063857,332.5117187500001,6.0,6.0,-911.2203125000005,-197.2031249999999,254.546875,776.4203125000006,0.0,0.41503906250000444,512.2041504318642,262353.09171962773,341.9980468750002,13.0,13.0,-749.49375,-77.1328125,79.32031250000004,1009.6796875000003,0.0,1.158203125000007,464.76944567222023,216010.63763046288,266.7597656250001,21.0,21.0,-368.6718750000004,-59.54687499999999,55.72656250000001,375.01406249999974,0.0,-1.9267578125000138,212.32883072090945,45083.53235530862,128.9414062500001,31.0,36.0,-372.5468750000001,-5.031249999999953,25.79687499999998,476.9062500000002,0.0,8.425292968750014,233.11276804509583,54341.56262564665,118.17431640625006,56.0,59.0,-299.8437500000003,-4.5312499999998295,17.484375,246.09375000000014,0.0,2.2641601562499964,169.63303364020888,28775.36610198024,84.57226562500006,70.0,73.0,-132.51562500000014,-1.0625000000000144,8.562499999999972,121.45312500000016,0.0,-1.6376953125000013,69.3232377715285,4805.711295127875,38.54980468750003,169.0,155.0,-119.30000000000007,-0.9062499999999729,0.0,85.67499999999998,0.0,-3.1818847656250018,68.65673849438191,4713.747740685943,30.658935546875014,237.0,231.0,-83.31875000000007,-0.375,0.0,83.58124999999968,0.0,1.504638671875,55.36999386995186,3065.8362211585068,24.602783203125014,259.0,263.0,-40.10624999999993,0.0,0.25000000000000044,47.94374999999999,0.0,1.0737304687500009,28.287252183335227,800.1686360836036,13.298828125000005,709.0,702.0,-27.812499999999957,0.0,0.0,28.312500000000007,0.0,-0.095458984375,24.46127148415153,598.3538026213648,9.645141601562504,957.0,962.0,-25.99999999999995,0.0,0.0,24.50000000000001,0.0,-0.056396484375,22.74948876063249,517.5392388701441,8.472167968750004,1079.0,1086.0,-14.999999999999968,0.0,0.0,13.999999999999956,0.0,-0.038818359375000194,10.768743628036733,115.96583932638174,4.501708984375002,2748.0,2732.0,-10.500000000000007,0.0,0.0,11.0,0.0,0.08416748046875,9.987640167648948,99.7529561184347,3.83502197265625,3682.0,3666.0,-8.0,0.0,0.0,7.500000000000014,0.0,-0.05499267578125003,8.406623741398123,70.67132272943857,2.9080810546875,4152.0,4130.0,-4.500000000000007,0.0,0.0,4.500000000000007,0.0,0.01440429687500001,3.73515208790046,13.951361119747165,1.5730590820312504
0.0,0.0,14121.863281250018,14121.863281250018,14121.863281250018,14121.863281250018,14121.863281250018,14121.863281250018,0.0,0.0,14121.863281250018,0.0,0.0,-1581.8164062500014,-1581.8164062500014,-1581.8164062500014,-1581.8164062500014,-1581.8164062500014,-1581.8164062500014,0.0,0.0,1581.8164062500014,0.0,0.0,92.67578124999909,92.67578124999909,92.67578124999909,92.67578124999909,92.67578124999909,92.67578124999909,0.0,0.0,92.67578124999909,0.0,0.0,14.777343750001478,14.777343750001478,14.777343750001478,14.777343750001478,14.777343750001478,14.777343750001478,0.0,0.0,14.777343750001478,0.0,0.0,-6097.065625000007,-6021.7656250000055,6711.443359375007,6800.576171875007,341.9570312500009,347.7207031250009,6401.230591459232,40975753.085033506,6400.861328125006,2.0,2.0,-1851.3628906250015,-1511.7207031250023,1436.425781250001,1515.222656250001,16.695312499999318,-91.99023437500045,1574.7081628859803,2479705.7982597393,1561.2480468750014,2.0,2.0,-1353.9097656250015,-1229.517578125001,1135.5664062500014,1156.9882812500018,-25.523437499999773,-68.42773437499977,1215.1982513236235,1476706.7900199925,1212.9199218750014,0.0,0.0,-2610.6718750000027,-606.3710937500005,513.5312499999999,886.2968750000007,145.43750000000014,-300.39355468750034,1204.7471653920195,1451415.732520106,893.0166015625008,9.0,9.0,-2145.714843750002,-353.5742187500002,251.12500000000037,1874.6210937500018,0.0,-42.34082031249987,1207.2478008392436,1457447.2526311902,845.1357421875009,7.0,7.0,-779.3125000000009,-211.89453125000057,235.8203125000004,618.7812500000005,0.0,-16.95019531250007,543.0535650713524,294907.1745367056,370.1826171875004,6.0,8.0,-951.7937500000005,-211.15625000000003,242.02343750000023,790.4515625000003,0.0,-6.44580078125001,503.4801233678763,253492.23462653192,329.4448242187502,15.0,16.0,-881.103125000001,-122.65625000000013,96.67968749999989,907.4906249999996,0.0,-4.11669921875,459.38601198011764,211035.5080029968,268.8999023437502,22.0,22.0,-401.8625000000004,-51.82812499999989,46.58593749999994,400.4968749999997,0.0,-6.510253906250033,215.13335147973999,46282.358918905345,129.9155273437501,25.0,27.0,-345.8437500000002,-0.171875,27.60937499999988,497.5781250000002,0.0,11.532470703125,227.66335499803031,51830.60320895917,115.48315429687506,65.0,62.0,-268.37500000000017,-2.484374999999915,13.84375,266.81250000000017,0.0,3.2985839843750036,162.22184099068184,26315.92569440606,82.89379882812503,65.0,65.0,-123.51562500000004,-4.859374999999994,11.187500000000012,97.57812500000026,0.0,-0.1584472656249991,68.74432545868558,4725.7822827696855,37.371826171875014,174.0,153.0,-109.93749999999999,-0.4999999999999438,0.0,94.8624999999999,0.0,-3.0191650390625018,67.71622032337524,4585.486494883899,30.437377929687514,240.0,238.0,-78.31875000000005,-0.15625000000008527,0.0,84.99375000000002,0.0,0.7091064453124999,56.13032372664189,3150.6132416576174,24.723999023437507,297.0,295.0,-46.96250000000002,-0.12500000000000003,0.0,41.231250000000045,0.0,-0.46936035156249956,29.305590754475165,858.8176494687802,13.632446289062507,729.0,702.0,-31.250000000000025,0.0,0.0,28.750000000000036,0.0,-0.31024169921874956,25.358979427659943,643.0778376124802,10.034606933593754,919.0,916.0,-24.5,0.0,0.0,25.249999999999982,0.0,-0.027282714843749455,23.514922973618877,552.9516024552288,8.615051269531254,1075.0,1075.0,-14.000000000000014,0.0,0.0,14.249999999999986,0.0,0.04376220703124994,10.88178014805137,118.41313919052487,4.57293701171875,2736.0,2738.0,-10.500000000000007,0.0,0.0,10.500000000000007,0.0,0.009918212890625,9.9923116144144,99.8462913995609,3.803497314453125,3598.0,3594.0,-8.000000000000028,0.0,0.0,8.5,0.0,0.01553344726562509,8.42426731711311,70.96827983018012,2.9909362792968754,4158.0,4136.0,-4.99999999999999,0.0,0.0,4.99999999999999,0.0,0.003814697265625018,3.811835652137312,14.530091038905088,1.6312561035156254
0.0,0.0,14021.449218750015,14021.449218750015,14021.449218750015,14021.449218750015,14021.449218750015,14021.449218750015,0.0,0.0,14021.449218750015,0.0,0.0,-1307.246093750001,-1307.246093750001,-1307.246093750001,-1307.246093750001,-1307.246093750001,-1307.246093750001,0.0,0.0,1307.246093750001,0.0,0.0,106.76953125000091,106.76953125000091,106.76953125000091,106.76953125000091,106.76953125000091,106.76953125000091,0.0,0.0,106.76953125000091,0.0,0.0,80.57421874999807,80.57421874999807,80.57421874999807,80.57421874999807,80.57421874999807,80.57421874999807,0.0,0.0,80.57421874999807,0.0,0.0,-6234.5468750000055,-6109.0156250000055,6507.0136718750055,6611.202734375005,203.4453125,194.55273437500023,6356.5999536813615,40406362.97114189,6355.8730468750055,2.0,2.0,-1931.9609375000018,-1632.3359375000011,1506.4707031250011,1514.894140625001,-2.2656249999997726,-123.59960937500011,1643.1008588593993,2699780.4323844956,1633.5800781250011,2.0,2.0,-1388.6000000000017,-1323.4062500000011,1140.6386718750005,1286.2464843750004,-108.13671875000023,-74.63085937500045,1279.3978816085994,1636858.9394645714,1275.939453125001,0.0,0.0,-2592.5859375000027,-568.8398437500005,616.4960937500007,916.9492187500009,144.2421875000001,-272.1396484375002,1199.2887207099957,1438293.435622218,892.6884765625008,9.0,9.0,-2224.3789062500027,-349.6601562500001,288.8398437499999,1834.8476562500016,0.0,-51.010742187500114,1200.3202059676462,1440768.5968542127,840.4755859375007,7.0,7.0,-772.9453125000005,-211.5859375000002,232.5117187500004,720.5585937500007,0.0,-13.090820312499957,599.8637491074523,359836.5174932485,391.88378906250034,8.0,10.0,-904.4078125000004,-179.67968750000017,188.1796875,774.3734375000003,0.0,-14.02880859375,495.3248243212614,245346.6815888885,312.2290039062502,16.0,16.0,-928.8250000000004,-120.82031250000007,74.25781249999989,704.88125,0.0,-10.34619140625,454.4025615426752,206481.6879365447,262.8461914062502,22.0,22.0,-393.45156250000025,-65.51562500000034,46.61718750000001,390.0375000000002,0.0,-4.3686523437500036,224.42684989811437,50367.41095519075,137.5327148437501,34.0,30.0,-351.7187500000002,-2.7343750000000018,24.578125000000043,425.5000000000002,0.0,11.897705078125007,225.78874065803504,50980.5554079414,113.16967773437506,58.0,59.0,-286.1718750000001,-3.046875,9.421875000000002,282.7500000000002,0.0,-0.23022460937500178,155.850999705026,24289.534109056018,82.03637695312503,68.0,69.0,-108.14062499999996,-3.187500000000065,9.59375000000006,111.71875000000006,0.0,-0.6096191406249991,71.0365069915671,5046.18532556296,37.61450195312503,165.0,165.0,-113.58750000000003,-1.6562499999999833,0.0,87.4812499999998,0.0,-2.2327880859375018,70.20069839531831,4928.138055190448,31.386108398437514,230.0,230.0,-73.8375,-0.12500000000002975,0.0,77.2312499999998,0.0,0.18811035156250128,55.72012089170362,3104.7318721860665,23.672973632812507,285.0,289.0,-50.356249999999996,-0.5000000000000009,0.0,46.85625,0.0,-0.7901611328124991,30.88412311044601,953.8290603011852,14.429321289062504,723.0,708.0,-32.49999999999997,0.0,0.0,28.312500000000007,0.0,-0.36138916015625,25.61868844335203,656.317197557539,10.216247558593754,961.0,959.0,-26.75,0.0,0.0,25.312500000000014,0.0,0.1497192382812491,21.462469640528024,460.63760307058715,8.261535644531254,1065.0,1074.0,-14.8125,0.0,0.0,14.749999999999993,0.0,-0.03485107421874982,10.760052899756374,115.77873840555554,4.639099121093752,2754.0,2690.0,-11.000000000000009,0.0,0.0,11.500000000000004,0.0,-0.057647705078125,10.277182069894613,105.62047129776332,3.9974060058593754,3654.0,3648.0,-8.499999999999972,0.0,0.0,8.000000000000028,0.0,0.009002685546875144,8.64088254767009,74.66485120262954,3.006744384765626,4254.0,4230.0,-5.000000000000001,0.0,0.0,5.0,0.0,-0.00857543945312502,3.929074296331898,15.437624826096002,1.6745910644531254
0.0,0.0,14161.339843750015,14161.339843750015,14161.339843750015,14161.339843750015,14161.339843750015,14161.339843750015,0.0,0.0,14161.339843750015,0.0,0.0,-902.8085937500011,-902.8085937500011,-902.8085937500011,-902.8085937500011,-902.8085937500011,-902.8085937500011,0.0,0.0,902.8085937500011,0.0,0.0,34.02734375000091,34.02734375000091,34.02734375000091,34.02734375000091,34.02734375000091,34.02734375000091,0.0,0.0,34.02734375000091,0.0,0.0,135.86328125000068,135.86328125000068,135.86328125000068,135.86328125000068,135.86328125000068,135.86328125000068,0.0,0.0,135.86328125000068,0.0,0.0,-6504.117187500007,-6387.6796875000055,6379.185546875007,6544.443359375006,-14.41796874999909,5.923828125000227,6443.220409301539,41515089.242839895,6442.119140625007,2.0,2.0,-1928.6597656250015,-1735.1738281250018,1539.5000000000018,1593.3687500000015,-68.75,-126.923828125,1693.0107648600772,2866285.4499321035,1688.8691406250016,2.0,2.0,-1396.9207031250014,-1377.8847656250014,1180.554687500001,1414.967187500001,-143.53515625000023,-53.794921875000114,1339.211203288944,1793486.6470146212,1332.0214843750011,0.0,0.0,-2626.6992187500023,-515.4375000000001,737.4101562500007,936.3554687500009,140.7656250000001,-221.5732421875,1211.8202116249336,1468508.2253026986,911.4970703125007,9.0,9.0,-2308.4375000000023,-334.6484375000003,386.70703125000034,1892.4804687500023,0.0,-40.54785156250006,1202.9093359552182,1446990.870528224,832.7998046875009,7.0,7.0,-714.9296875000005,-237.50781250000006,191.8945312500002,783.6875000000006,0.0,-19.096679687500036,618.0841894542021,382028.0652532581,385.9658203125002,4.0,6.0,-1024.4781250000008,-288.8906249999999,147.46093750000006,762.1234375,0.0,-42.566894531250014,501.070967648267,251072.11461997064,327.0913085937502,17.0,17.0,-876.2765625000008,-112.85937500000003,116.86718750000003,836.6359374999994,0.0,7.175292968749979,462.1575683349509,213589.6179692748,271.0307617187502,21.0,22.0,-364.73906250000005,-82.45312499999996,49.03906250000002,411.1515625000002,0.0,-1.1879882812499964,234.85912268876768,55158.80751013763,148.15478515625009,38.0,38.0,-336.9218750000002,-4.35937500000001,22.578125000000064,347.2656250000002,0.0,8.585205078124993,221.03987035400476,48858.62428611523,112.36987304687506,62.0,62.0,-263.98437500000057,-7.8125000000001705,12.828125,284.89062500000034,0.0,0.4162597656250071,157.98427906454143,24959.032431542902,83.48754882812506,62.0,62.0,-117.95312500000003,-0.2656249999999716,10.062500000000071,108.96875000000014,0.0,-0.6750488281250031,72.22614893487983,5216.6165899634425,37.84887695312502,153.0,151.0,-111.50000000000006,-2.374999999999979,0.0,87.28125000000004,0.0,-2.6026611328125,68.24492319483238,4657.369541868571,30.886596679687514,221.0,232.0,-80.51875,0.0,0.28124999999997163,82.04999999999997,0.0,0.5894775390625009,56.3101214488433,3170.829777583482,25.07849121093751,289.0,286.0,-51.35625000000009,-0.4062499999999858,0.0,45.731249999999946,0.0,-0.16589355468749706,31.29101151790823,979.1274018138656,14.823364257812507,755.0,742.0,-32.75000000000002,0.0,0.0,31.062500000000014,0.0,-0.3373413085937498,26.364481648877103,695.0858926139775,10.492004394531254,977.0,973.0,-27.062500000000057,0.0,0.0,26.25,0.0,0.024230957031250062,23.550744811909507,554.6375811956825,8.792419433593752,1097.0,1097.0,-14.749999999999986,0.0,0.0,14.750000000000032,0.0,0.018493652343749292,11.642059334931481,135.53754555806523,4.864196777343751,2770.0,2752.0,-11.0,0.0,0.0,11.500000000000014,0.0,0.042327880859375,10.206765584512151,104.17806369718167,4.020172119140625,3680.0,3644.0,-8.499999999999986,0.0,0.0,8.499999999999986,0.0,-0.04367065429687505,8.978661578875592,80.61636374797675,3.0974426269531254,4208.0,4212.0,-5.000000000000001,0.0,0.0,5.499999999999998,0.0,0.014556884765624962,4.177944132495594,17.455217174254365,1.7752990722656254
0.0,0.0,14316.535156250015,14316.535156250015,14316.535156250015,14316.535156250015,14316.535156250015,14316.535156250015,0.0,0.0,14316.535156250015,0.0,0.0,-512.76953125,-512.76953125,-512.76953125,-512.76953125,-512.76953125,-512.76953125,0.0,0.0,512.76953125,0.0,0.0,58.90234375000182,58.90234375000182,58.90234375000182,58.90234375000182,58.90234375000182,58.90234375000182,0.0,0.0,58.90234375000182,0.0,0.0,176.75390625000097,176.75390625000097,176.75390625000097,176.75390625000097,176.75390625000097,176.75390625000097,0.0,0.0,176.75390625000097,0.0,0.0,-6822.225000000008,-6668.9062500000055,6437.7167968750055,6590.843359375005,-115.5546875,-115.63476562500045,6618.386101909183,43803034.59394463,6617.1542968750055,2.0,2.0,-1860.751562500001,-1852.539062500002,1574.3652343750018,1699.1417968750006,-163.37109375,-114.80273437500011,1742.7166366645067,3037061.27570725,1741.1582031250014,2.0,2.0,-1518.028125000001,-1384.9218750000005,1304.2207031250016,1612.812890625002,-76.91015624999955,-3.7910156249994316,1450.1770564336498,2103013.495006565,1436.5917968750014,0.0,2.0,-2642.3515625000023,-457.03515625000034,757.1093750000007,1077.3007812500014,112.1171875000001,-169.48535156250014,1222.4582786566991,1494404.2430562996,912.7685546875007,9.0,9.0,-2434.179687500002,-297.78125000000057,237.05468749999966,2005.9453125000014,0.0,-49.53417968750023,1257.802998256265,1582068.38242245,805.3798828125007,8.0,8.0,-775.7226562500005,-188.93359375000017,107.25390625000009,835.917968750001,-28.695312500000057,-32.87207031250004,651.329842801716,424230.5641241081,375.4521484375004,4.0,6.0,-1204.4718750000004,-172.5390625000002,210.47656250000014,675.1718750000001,0.0,-63.109863281250014,528.3120255239686,279113.5963132385,345.0219726562502,20.0,18.0,-812.2296875000004,-60.8281250000001,106.88281250000018,1003.140624999999,0.0,21.62060546875003,465.5185487083235,216707.5191915038,267.02783203125017,22.0,21.0,-397.9531250000001,-24.03124999999993,26.859375000000227,537.1593749999995,0.0,4.348144531250007,249.29611846847308,62148.55468344697,143.71923828125009,35.0,37.0,-406.93750000000017,-0.9999999999999457,25.468750000000043,389.8281250000001,0.0,4.573974609375007,211.94516269380875,44920.75198930506,113.30932617187506,60.0,62.0,-255.70312500000017,-10.046875000000028,8.90625,273.5625000000003,0.0,1.022705078125007,161.54394836589978,26096.447253644496,85.54516601562506,65.0,67.0,-123.64062500000009,-0.8906250000000004,12.031249999999984,111.54687500000009,0.0,0.7399902343750029,72.53167437150267,5260.843787133698,40.558837890625014,160.0,155.0,-109.98125,-1.0047518372857667e-14,0.0,104.10624999999965,0.0,-0.8297119140625,67.95828230558656,4618.328133925799,30.984985351562507,218.0,218.0,-91.77500000000003,0.0,0.0,83.24375000000003,0.0,0.003295898437499556,57.987006512819065,3362.4929243177203,25.57141113281251,256.0,262.0,-46.12500000000002,-0.781249999999966,0.0,46.77499999999987,0.0,-0.18835449218750067,29.818905303978823,889.1671135276564,14.110473632812505,691.0,685.0,-32.75,0.0,0.0,36.12500000000004,0.0,0.20269775390624956,28.913499503476814,835.990453537554,11.468078613281254,919.0,919.0,-28.749999999999986,0.0,0.0,27.74999999999998,0.0,0.03179931640624957,23.99185447118589,575.6090809665623,9.06854248046875,1047.0,1044.0,-15.249999999999991,0.0,0.0,15.250000000000037,0.0,-0.01385498046874993,11.776004937687736,138.67429229244595,4.91546630859375,2634.0,2638.0,-11.499999999999996,0.0,0.0,11.0,0.0,-0.046234130859375,10.508449178103138,110.42750412877652,4.046173095703125,3536.0,3584.0,-8.000000000000014,0.0,0.0,8.000000000000014,0.0,-0.04080200195312496,9.057336129354658,82.03533776011321,3.101226806640626,4078.0,4078.0,-5.000000000000001,0.0,0.0,5.000000000000001,0.0,-0.0012512207031249783,4.292264745149648,18.42353664245457,1.7451477050781254
0.0,0.0,14505.441406250015,14505.441406250015,14505.441406250015,14505.441406250015,14505.441406250015,14505.441406250015,0.0,0.0,14505.441406250015,0.0,0.0,-163.09765625000065,-163.09765625000065,-163.09765625000065,-163.09765625000065,-163.09765625000065,-163.09765625000065,0.0,0.0,163.09765625000065,0.0,0.0,5.0117187500009095,5.0117187500009095,5.0117187500009095,5.0117187500009095,5.0117187500009095,5.0117187500009095,0.0,0.0,5.0117187500009095,0.0,0.0,189.0195312499993,189.0195312499993,189.0195312499993,189.0195312499993,189.0195312499993,189.0195312499993,0.0,0.0,189.0195312499993,0.0,0.0,-7073.7960937500075,-6941.917968750007,6504.4902343750055,6643.141796875006,-220.1250000000009,-217.30273437500068,6780.502053400797,45975208.09617242,6779.564453125007,2.0,2.0,-1872.2460937500011,-1849.4179687500016,1529.0253906250007,1707.3800781250006,-192.59765625000068,-127.79492187500034,1734.3741805703928,3008053.7982292213,1731.134765625001,2.0,2.0,-1538.1070312500017,-1431.4101562500014,1297.3925781250011,1632.7035156250015,-114.63671875000023,-19.380859375000114,1471.1711874842313,2164344.662883763,1456.4863281250016,0.0,2.0,-2642.089843750002,-478.93750000000057,683.1132812500006,1343.1484375000011,85.64843750000006,-148.5205078125001,1260.7895739148335,1589590.3496923475,936.1474609375008,9.0,9.0,-2604.597656250002,-212.37890625000009,193.73437500000017,2242.640625000002,0.0,-38.2353515624998,1365.993924033517,1865939.400496486,828.4677734375009,9.0,9.0,-857.1718750000008,-207.42578125000014,163.33593750000017,855.2539062500005,0.0,-32.27246093750006,632.0091919524795,399435.618712426,381.23535156250034,6.0,7.0,-1224.207812500001,-107.3750000000001,250.8593750000001,627.7718750000004,0.0,-68.77001953125006,546.7767710711861,298964.83738303225,360.6840820312502,18.0,16.0,-766.0953125000007,-86.0,123.35156250000003,976.2531249999997,0.0,16.39794921875,447.04568962208566,199849.84860968613,257.03173828125017,21.0,21.0,-395.9625000000003,-22.578124999999943,37.570312499999964,406.0500000000005,0.0,5.143066406249993,229.7090897727284,52766.2659242154,135.9829101562501,36.0,37.0,-386.8125000000004,0.0,10.140624999999979,349.2812500000002,0.0,1.402099609374993,202.5342860782284,41020.13703721766,111.66430664062506,58.0,58.0,-259.0781250000002,-0.04687500000000002,19.75,237.45312500000014,0.0,-0.8425292968749947,156.54287492698109,24505.67169040444,81.27270507812503,67.0,66.0,-139.01562500000017,-1.7656250000000009,7.6562499999999885,133.48437500000006,0.0,1.9753417968749933,76.07694577031614,5787.701677739624,42.74682617187502,167.0,171.0,-100.50625,0.0,0.0,111.31249999999996,0.0,1.3311767578125018,72.11373703834626,5200.3910696357525,32.433715820312514,224.0,224.0,-83.56250000000001,0.0,0.0,74.72499999999994,0.0,-0.7579345703125004,56.29021469289737,3168.5882701724795,24.678100585937507,285.0,289.0,-52.58749999999997,0.0,0.0,51.2125,0.0,-0.38293457031250216,31.873631556204586,1015.9283885806808,14.962280273437507,709.0,703.0,-36.12500000000001,0.0,0.0,34.31250000000003,0.0,0.49993896484375044,29.02376582286007,842.3789825402204,11.297668457031254,926.0,922.0,-27.99999999999998,0.0,0.0,27.249999999999954,0.0,0.10589599609374994,24.106541372443537,581.125336941332,8.952819824218754,1097.0,1097.0,-16.75000000000002,0.0,0.0,16.249999999999996,0.0,-0.11810302734374994,12.39800113599351,153.71043216809636,5.144348144531252,2786.0,2790.0,-10.99999999999999,0.0,0.0,11.500000000000004,0.0,0.013458251953124889,10.300975397699437,106.11009414400908,3.932037353515625,3524.0,3528.0,-9.000000000000028,0.0,0.0,8.999999999999972,0.0,-0.0140075683593751,9.391426154153963,88.19888520892711,3.278472900390625,4080.0,4048.0,-5.000000000000011,0.0,0.0,5.499999999999993,0.0,-0.010955810546874991,4.281490808065715,18.331163539551206,1.7912902832031254
0.0,0.0,14395.574218750015,14395.574218750015,14395.574218750015,14395.574218750015,14395.574218750015,14395.574218750015,0.0,0.0,14395.574218750015,0.0,0.0,-192.04296875000063,-192.04296875000063,-192.04296875000063,-192.04296875000063,-192.04296875000063,-192.04296875000063,0.0,0.0,192.04296875000063,0.0,0.0,-144.2148437500009,-144.2148437500009,-144.2148437500009,-144.2148437500009,-144.2148437500009,-144.2148437500009,0.0,0.0,144.2148437500009,0.0,0.0,115.77734374999983,115.77734374999983,115.77734374999983,115.77734374999983,115.77734374999983,115.77734374999983,0.0,0.0,115.77734374999983,0.0,0.0,-6966.460937500007,-6965.242187500007,6455.021484375006,6627.348046875006,-290.75781250000045,-219.46289062500045,6747.051322110564,45522701.543193914,6746.287109375007,2.0,2.0,-1887.485156250002,-1778.4257812500014,1536.4511718750023,1683.9902343750018,-129.00390624999955,-112.97070312499989,1714.3088631417368,2938854.878246314,1710.8964843750018,2.0,2.0,-1552.9109375000019,-1477.9296875000025,1281.3613281250018,1544.4097656250012,-137.46484375000045,-59.10351562500034,1458.9983744661265,2128676.2566947993,1450.0683593750018,0.0,2.0,-2605.3632812500027,-510.53125000000045,702.7656250000007,1449.9726562500014,78.13281250000006,-135.1474609375001,1297.4123962577994,1683278.925963405,964.2626953125008,7.0,7.0,-2603.9414062500023,-169.27343750000009,166.8945312500001,2347.824218750002,0.0,-25.12207031249997,1391.1379968267615,1935264.9262151746,838.4091796875006,9.0,9.0,-881.8867187500005,-184.6640625000001,144.89453125000009,817.7773437500007,0.17968749999997158,-33.9404296875,584.0493685671343,341113.66492366826,365.3134765625002,6.0,7.0,-1175.184375000001,-129.0234375,258.4609375000001,629.1953125000003,0.0,-69.83740234375003,550.7114715655841,303283.12491393124,369.9204101562502,20.0,18.0,-642.0140624999999,-108.38281249999977,93.80468750000001,825.4484374999998,0.0,14.908691406250036,432.1976732997128,186794.82880568525,249.7846679687501,22.0,19.0,-243.2593750000002,-8.851562500000085,57.66406249999972,441.29062499999947,0.0,19.97998046874999,195.77343004627733,38327.23591208464,111.68896484375009,39.0,38.0,-392.8593750000002,-3.5156249999999205,13.406249999999954,378.3593750000002,0.0,3.539794921875007,203.99275999553913,41613.046130597635,113.09838867187506,58.0,59.0,-265.0156250000004,0.0,9.921874999999957,253.64062500000023,0.0,3.3659667968749982,155.35895805510123,24136.4058479667,77.89331054687504,61.0,64.0,-116.75,0.0,14.87500000000012,134.7656250000002,0.0,4.853271484375007,69.03994126347159,4766.513489663606,38.440185546875014,148.0,151.0,-100.91875000000005,0.0,0.0,106.83124999999994,0.0,1.5394287109375018,71.33649718075813,5088.895830020312,32.153442382812514,227.0,219.0,-79.71875000000003,0.0,0.0,78.2124999999998,0.0,-0.6878662109375013,54.07772404514636,2924.4002379030007,24.074096679687507,279.0,281.0,-50.731249999999946,0.0,0.0,44.99999999999996,0.0,-0.8660888671874997,33.020571636216914,1090.358151182533,14.723754882812504,683.0,662.0,-38.375,0.0,0.0,33.249999999999986,0.0,0.5220336914062496,29.72408446454998,883.5211972557013,11.540222167968754,946.0,946.0,-28.24999999999997,0.0,0.0,26.250000000000014,0.0,0.14263916015625006,25.164046615810538,633.2292420826857,9.108215332031254,1057.0,1057.0,-16.74999999999997,0.0,0.0,15.999999999999975,0.0,0.05120849609375015,12.84698172083372,165.0449393354357,5.231018066406252,2708.0,2704.0,-11.000000000000004,0.0,0.0,11.499999999999993,0.0,0.019134521484375,10.35633513600198,107.25367744918915,3.981781005859375,3494.0,3462.0,-8.500000000000014,0.0,0.0,8.500000000000014,0.0,-0.00302124023437498,9.195110383188531,84.55005495902152,3.211578369140625,4054.0,4040.0,-5.000000000000011,0.0,0.0,5.499999999999994,0.0,-0.01107788085937496,4.295036818213958,18.447341269813485,1.7670593261718754
0.0,0.0,14286.445312500015,14286.445312500015,14286.445312500015,14286.445312500015,14286.445312500015,14286.445312500015,0.0,0.0,14286.445312500015,0.0,0.0,-23.843749999999602,-23.843749999999602,-23.843749999999602,-23.843749999999602,-23.843749999999602,-23.843749999999602,0.0,0.0,23.843749999999602,0.0,0.0,-179.5156249999991,-179.5156249999991,-179.5156249999991,-179.5156249999991,-179.5156249999991,-179.5156249999991,0.0,0.0,179.5156249999991,0.0,0.0,144.24218749999986,144.24218749999986,144.24218749999986,144.24218749999986,144.24218749999986,144.24218749999986,0.0,0.0,144.24218749999986,0.0,0.0,-6997.813671875007,-6995.755859375007,6442.806640625006,6655.717578125006,-320.40234375000045,-232.54687500000045,6765.229912754667,45768335.77243051,6764.066406250007,2.0,2.0,-1903.5292968750018,-1716.1464843750023,1528.1113281250023,1603.659765625002,-70.71875,-117.31640625,1681.1270452914273,2826188.142410285,1676.9062500000018,2.0,2.0,-1532.0617187500009,-1489.621093750001,1316.1718750000018,1478.6781250000022,-111.73828124999955,-61.71093749999943,1448.9776572222067,2099536.2511291546,1445.5937500000014,0.0,2.0,-2476.3632812500023,-496.44140625000045,587.7773437500007,1473.9687500000011,57.86718750000006,-144.59765625000006,1246.7053651409847,1554274.267471316,911.0644531250007,9.0,9.0,-2579.179687500002,-122.12109374999984,156.69531250000014,2350.6914062500014,-8.812500000000014,-10.933593750000114,1373.5090165371737,1886527.018508914,805.9726562500007,10.0,9.0,-777.8085937500002,-197.07421875000017,132.8125000000001,723.6718750000005,-8.812500000000014,-37.47851562500002,528.601621961036,279419.674739838,340.80859375000017,5.0,7.0,-1142.4796875000009,-127.00000000000007,262.2109375000002,598.6218750000004,0.0,-68.09570312500004,528.6327184265638,279452.5509910587,358.2158203125002,20.0,18.0,-617.9421875000005,-73.38281250000006,89.2968750000004,718.2828125,0.0,14.154296874999943,427.8486637721854,183054.47909164452,243.50292968750017,21.0,19.0,-282.3796875000002,-17.398437500000227,59.937499999999766,313.225,0.0,20.836914062499975,175.40280246116075,30766.14311122898,100.98242187500006,35.0,34.0,-383.2812500000002,0.0,29.812499999999993,356.2656250000002,0.0,2.942382812499993,189.44591490941477,35889.75467586522,107.23095703125006,55.0,57.0,-241.96875000000028,0.0,7.4843749999999964,258.8437500000001,0.0,3.4169921875000124,155.4029246069787,24150.068976402305,76.62451171875003,72.0,72.0,-93.90625000000018,0.0,3.5156250000001084,122.14062500000014,0.0,4.222167968750003,66.87373516098789,4472.096454381948,34.46728515625003,162.0,166.0,-117.3687500000001,0.0,0.0,118.88750000000005,0.0,2.6196289062500018,82.51656125474211,6808.982881307607,36.563232421875014,251.0,258.0,-83.7562500000001,0.0,0.0,87.8249999999999,0.0,-0.46289062500000283,55.114701639049784,3037.630336761477,25.043457031250007,276.0,273.0,-49.48125000000002,0.0,0.0,57.087500000000006,0.0,1.0554199218749996,34.08692741399247,1161.9186205267915,15.500732421875009,680.0,659.0,-38.250000000000014,0.0,0.0,34.312500000000014,0.0,-0.5084228515625,26.67253900577439,711.4243370145563,11.027954101562504,941.0,938.0,-29.56250000000007,0.0,0.0,26.999999999999993,0.0,-0.1158447265625003,25.107363002178385,630.379676923156,9.3197021484375,1046.0,1063.0,-15.500000000000014,0.0,0.0,14.249999999999998,0.0,-0.14562988281250006,12.246671330826143,149.98095868527895,5.019775390625002,2724.0,2722.0,-11.500000000000004,0.0,0.0,11.500000000000004,0.0,0.01318359375,10.686910769186715,114.21006178855899,4.142822265625,3516.0,3530.0,-8.5,0.0,0.0,8.5,0.0,-0.0502929687499999,8.952184378059844,80.14160513877871,3.1239013671875,4084.0,4078.0,-5.499999999999985,0.0,0.0,5.499999999999999,0.0,0.002258300781250005,4.306561641444595,18.546473171561964,1.7908935546875002
0.0,0.0,14070.445312500016,14070.445312500016,14070.445312500016,14070.445312500016,14070.445312500016,14070.445312500016,0.0,0.0,14070.445312500016,0.0,0.0,75.99999999999933,75.99999999999933,75.99999999999933,75.99999999999933,75.99999999999933,75.99999999999933,0.0,0.0,75.99999999999933,0.0,0.0,-160.78125,-160.78125,-160.78125,-160.78125,-160.78125,-160.78125,0.0,0.0,160.78125,0.0,0.0,161.03906249999983,161.03906249999983,161.03906249999983,161.03906249999983,161.03906249999983,161.03906249999983,0.0,0.0,161.03906249999983,0.0,0.0,-6971.583984375007,-6951.638671875007,6412.0332031250055,6628.0753906250075,-310.6562500000009,-228.94921875000045,6732.2140087137595,45322705.45912179,6731.000000000007,2.0,2.0,-1927.0402343750022,-1676.6386718750018,1532.322265625001,1538.8332031250018,-21.347656250000682,-122.96875000000045,1664.5608529826945,2770762.833282476,1658.0039062500016,2.0,2.0,-1597.5750000000016,-1458.0000000000014,1372.6445312500023,1454.9476562500017,-30.746093749999545,-54.60937499999977,1464.662275769323,2145235.5820617727,1461.5468750000018,0.0,0.0,-2365.593750000002,-469.6289062500005,467.66015625000045,1491.4062500000014,39.281250000000036,-154.33984375000028,1202.5600463531298,1446150.6650848417,857.5019531250007,9.0,9.0,-2611.804687500002,-100.89843750000006,128.0898437500001,2354.6171875000027,-13.054687500000028,-9.150390624999972,1376.4267278264565,1894550.5370750462,779.5722656250007,10.0,9.0,-779.5195312500009,-187.10156250000023,104.46875000000009,681.2851562500005,-13.054687500000028,-44.56250000000012,490.22061273013423,240316.24914550825,326.49609375000034,5.0,7.0,-1117.3578125000008,-104.40625000000011,261.50000000000017,665.1546875000001,0.0,-54.80273437500004,510.095987984473,260197.91695785563,343.0498046875002,18.0,18.0,-711.0812500000009,-38.15625000000003,81.16406250000004,565.5078125000008,0.0,7.3388671875,418.6798976863431,175292.8567266467,237.83398437500017,21.0,19.0,-187.3578125000002,-9.070312500000089,54.781250000000014,334.12187500000016,0.0,17.205078124999996,165.1297568734117,27267.836605072065,97.27148437500006,35.0,34.0,-349.2031250000002,0.0,38.203125000000014,319.6250000000002,0.0,-0.6303710937500071,176.00861346709263,30979.03201460842,100.22216796875006,56.0,56.0,-221.89062500000023,0.0,10.87500000000017,267.6718750000001,0.0,5.365234375000002,153.8646593624616,23674.33340072634,73.60839843750003,83.0,79.0,-120.43750000000004,-0.8906250000000291,4.187500000000011,115.84375000000011,0.0,1.5263671874999967,68.60920669093697,4707.22324275971,36.61083984375003,153.0,155.0,-128.33750000000006,0.0,0.0,142.29374999999933,0.0,3.5292968750000036,83.27252550070394,6934.313503265386,36.515136718750014,251.0,249.0,-84.05000000000005,0.0,0.37500000000000006,90.78125000000004,0.0,0.303955078124999,55.29404253952878,3057.4311403632187,24.660400390625007,279.0,273.0,-49.83750000000006,0.0,1.509903313490213e-14,53.662499999999895,0.0,0.137207031250001,33.14673894072243,1098.7063024044046,15.306152343750007,731.0,710.0,-36.750000000000014,0.0,0.0,32.0,0.0,-0.4055175781249998,25.764199784825955,663.7939905524258,10.453369140625004,899.0,897.0,-26.062500000000025,0.0,0.0,25.8125,0.0,0.015625000000000246,23.671309038201322,560.3308715820316,8.814453125000002,1041.0,1030.0,-14.000000000000014,0.0,0.0,15.499999999999995,0.0,-0.010620117187499806,12.331048528757794,152.05475781857976,5.011718750000002,2682.0,2668.0,-11.499999999999993,0.0,0.0,11.499999999999993,0.0,0.00927734375,10.401580484588742,108.19287657737735,4.03094482421875,3552.0,3546.0,-8.000000000000014,0.0,0.0,8.000000000000028,0.0,0.01641845703125011,8.940531894760058,79.93311056122187,3.078735351562501,3956.0,3998.0,-5.0000000000000195,0.0,0.0,5.499999999999994,0.0,-0.0069580078124999835,4.198960433821586,17.631268724799163,1.7535400390625002
0.0,0.0,13984.042968750015,13984.042968750015,13984.042968750015,13984.042968750015,13984.042968750015,13984.042968750015,0.0,0.0,13984.042968750015,0.0,0.0,44.54296875000078,44.54296875000078,44.54296875000078,44.54296875000078,44.54296875000078,44.54296875000078,0.0,0.0,44.54296875000078,0.0,0.0,-136.66015625,-136.66015625,-136.66015625,-136.66015625,-136.66015625,-136.66015625,0.0,0.0,136.66015625,0.0,0.0,153.2929687500005,153.2929687500005,153.2929687500005,153.2929687500005,153.2929687500005,153.2929687500005,0.0,0.0,153.2929687500005,0.0,0.0,-6930.048046875007,-6899.6777343750055,6399.562500000006,6597.168750000006,-284.89843749999955,-215.216796875,6698.151322429541,44865231.13816461,6697.115234375006,2.0,2.0,-1998.2832031250014,-1558.5722656250018,1399.8671875000005,1532.0921875000008,-15.292968750000682,-143.41210937500045,1621.1110283188304,2628000.966136936,1598.3730468750011,2.0,2.0,-1658.9218750000016,-1353.203125,1308.9394531250018,1353.4566406250017,32.28515625000114,-76.54882812499943,1415.789915344982,2004461.0843925513,1404.0371093750014,0.0,0.0,-2307.363281250002,-399.36718750000017,408.3398437499999,1492.8437500000014,33.67187500000002,-128.28417968750017,1145.7973794710915,1312851.6348028204,800.5732421875007,9.0,9.0,-2658.031250000002,-122.39843750000017,127.01562499999997,2376.8554687500027,0.0,-11.303710937499858,1374.9940830502226,1890608.728423122,783.6806640625007,10.0,8.0,-723.1015625000005,-175.09375,94.85546875000009,643.4648437500003,-13.273437500000014,-32.82910156249992,426.38133603087886,181801.04371547722,303.1787109375001,5.0,7.0,-1088.5328125000005,-27.132812499999982,247.46093750000017,729.1921875000005,0.0,-35.75830078125002,495.84475069527485,245862.0167920593,326.6606445312502,20.0,20.0,-686.4046875000008,-23.67187500000034,69.12499999999984,554.90625,0.0,-0.9233398437500284,402.5248993721428,162026.29461455368,215.40283203125017,21.0,21.0,-204.92031250000008,-0.42187499999995026,31.89062499999993,268.12968749999953,0.0,9.553222656249996,161.84074709239357,26192.4274194241,86.99658203125006,40.0,38.0,-294.9687500000002,0.0,23.781249999999936,305.40625000000017,0.0,-0.668701171875,162.4802219897531,26399.82253783944,92.79418945312506,59.0,60.0,-229.09375000000009,-0.8437500000000008,8.062500000000043,276.9531250000002,0.0,3.0261230468750213,160.52181327530207,25767.252537190943,76.27954101562503,74.0,77.0,-126.32812499999999,-5.937500000000034,1.9843750000000746,118.40625000000003,0.0,-1.4519042968749942,76.52300713356281,5855.7706207633055,40.160888671875014,155.0,147.0,-110.475,0.0,0.0,106.96250000000003,0.0,2.5079345703125036,80.05621545492549,6408.997632965451,34.138061523437514,235.0,235.0,-77.46250000000003,0.0,0.0,76.73749999999987,0.0,0.004760742187501443,53.49254456592147,2861.452324137095,23.094116210937514,287.0,282.0,-46.96249999999998,0.0,0.0,44.46874999999985,0.0,-0.9212646484375002,30.19639054652659,911.8220020383604,14.031616210937507,701.0,688.0,-31.999999999999986,0.0,0.0,29.812500000000025,0.0,-0.24603271484375,25.584312319719547,654.5570368729534,10.063537597656254,919.0,917.0,-24.999999999999982,0.0,0.0,24.24999999999998,0.0,0.14385986328125117,22.88703199764063,523.816233661026,8.411437988281254,1053.0,1072.0,-14.499999999999948,0.0,0.0,13.750000000000007,0.0,-0.015197753906249958,11.820460863657258,139.72329502925288,4.734924316406252,2792.0,2798.0,-10.499999999999993,0.0,0.0,10.500000000000007,0.0,0.044281005859375,9.841696289146173,96.85898584779355,3.745025634765625,3552.0,3524.0,-8.0,0.0,0.0,7.500000000000028,0.0,-0.009735107421874915,8.85226303649705,78.36256086733195,3.049774169921875,4084.0,4056.0,-5.000000000000001,0.0,0.0,5.000000000000001,0.0,0.0018615722656250468,4.173635317566797,17.419231764040894,1.7109069824218754
0.0,0.0,13686.101562500015,13686.101562500015,13686.101562500015,13686.101562500015,13686.101562500015,13686.101562500015,0.0,0.0,13686.101562500015,0.0,0.0,193.87499999999963,193.87499999999963,193.87499999999963,193.87499999999963,193.87499999999963,193.87499999999963,0.0,0.0,193.87499999999963,0.0,0.0,-127.17968749999727,-127.17968749999727,-127.17968749999727,-127.17968749999727,-127.17968749999727,-127.17968749999727,0.0,0.0,127.17968749999727,0.0,0.0,173.984375000001,173.984375000001,173.984375000001,173.984375000001,173.984375000001,173.984375000001,0.0,0.0,173.984375000001,0.0,0.0,-6893.644140625007,-6848.0957031250055,6295.9511718750055,6519.033984375006,-313.05859374999955,-239.08593750000023,6629.346036013201,43948228.86520395,6627.9882812500055,2.0,2.0,-2038.168750000002,-1498.281250000001,1249.164062500001,1474.2015625000017,-58.96484375,-190.15234375,1571.3472933439773,2469132.316299443,1533.0820312500014,2.0,2.0,-1739.4496093750015,-1265.4355468750005,1254.650390625001,1349.8863281250012,73.51953125000045,-84.30468749999989,1407.7661725109278,1981805.5964660677,1378.636718750001,0.0,0.0,-2211.507812500002,-317.3007812500003,381.71484375000034,1441.7226562500014,19.335937500000018,-109.25585937500011,1097.663686180259,1204865.5679588339,751.7656250000007,9.0,9.0,-2658.5468750000023,-85.83593749999991,149.55078124999994,2411.480468750002,0.0,11.328124999999943,1373.4105626313517,1886256.5735473663,788.7285156250006,10.0,7.0,-656.8632812500007,-175.52343749999966,61.62890625000006,560.2968750000005,-11.742187500000021,-42.95703124999996,369.26887411282047,136359.50138855004,262.1386718750002,6.0,5.0,-1056.1609375000012,-3.1796874999999143,211.22656250000023,755.5046874999999,0.0,-24.884765625000007,483.9992089028636,234255.23421859776,307.4677734375002,20.0,20.0,-645.2875000000006,-49.906249999999886,85.92187500000017,481.81562500000007,0.0,3.671875000000014,388.36424414821295,150826.78613281273,204.61035156250017,21.0,21.0,-193.259375,-5.374999999999735,25.79687500000005,237.29531249999982,0.0,5.627929687500023,164.05358101861188,26913.577445030252,86.67578125000006,40.0,38.0,-284.5781250000001,-12.468749999999956,10.531250000000005,274.6249999999999,0.0,-5.310546875,150.88100932747471,22765.078975677512,86.98681640625004,56.0,54.0,-208.00000000000023,-1.4374999999999791,6.625,224.12500000000003,0.0,1.8339843749999893,158.11550842265186,25000.51400375369,74.37109375000003,67.0,65.0,-110.17187500000004,-0.06250000000000006,6.718749999999964,116.48437500000006,0.0,-1.9311523437499916,70.64491446098192,4990.703939199453,37.78466796875002,181.0,181.0,-109.70625000000001,0.0,0.0,102.72499999999994,0.0,1.587646484375,70.30788358962025,4943.198494851593,31.036132812500007,241.0,240.0,-77.13750000000002,0.0,0.0,72.90625000000006,0.0,-0.03149414062500222,51.686170198223564,2671.4601897597336,22.259765625000007,279.0,278.0,-53.79375,0.0,0.0,49.750000000000085,0.0,-0.4777832031250009,32.01408163477196,1024.9014229178435,14.448730468750007,701.0,703.0,-33.06249999999996,0.0,0.0,30.75000000000002,0.0,0.26281738281250044,28.21967767408323,796.3502080291514,10.524902343750004,943.0,932.0,-25.8125,0.0,0.0,23.562500000000007,0.0,-0.15979003906250028,22.345939536619984,499.3410137742761,8.207397460937504,977.0,969.0,-12.999999999999998,0.0,0.0,13.500000000000032,0.0,0.05017089843749961,11.044839527824891,121.98848019540317,4.486938476562502,2730.0,2682.0,-10.0,0.0,0.0,10.0,0.0,-0.03289794921875011,10.114080929919854,102.29463305696848,3.71844482421875,3550.0,3566.0,-7.999999999999986,0.0,0.0,7.500000000000012,0.0,-0.014038085937500017,8.815345324265493,77.71031318604949,2.97564697265625,3996.0,4048.0,-5.000000000000001,0.0,0.0,5.000000000000001,0.0,-0.00012207031249995403,4.178117401912175,17.456665024161346,1.6871948242187502
0.0,0.0,13558.546875000015,13558.546875000015,13558.546875000015,13558.546875000015,13558.546875000015,13558.546875000015,0.0,0.0,13558.546875000015,0.0,0.0,220.5546875000004,220.5546875000004,220.5546875000004,220.5546875000004,220.5546875000004,220.5546875000004,0.0,0.0,220.5546875000004,0.0,0.0,-57.53906250000091,-57.53906250000091,-57.53906250000091,-57.53906250000091,-57.53906250000091,-57.53906250000091,0.0,0.0,57.53906250000091,0.0,0.0,135.1093750000005,135.1093750000005,135.1093750000005,135.1093750000005,135.1093750000005,135.1093750000005,0.0,0.0,135.1093750000005,0.0,0.0,-6885.048828125006,-6824.650390625006,6254.7441406250055,6411.405078125007,-305.00781250000045,-264.89843750000045,6585.661171446195,43370933.065094076,6584.917968750007,2.0,2.0,-2058.2714843750014,-1431.482421875001,1220.1699218750014,1456.9777343750015,-24.410156249999773,-186.90234374999977,1556.6445763016443,2423142.3369293255,1505.7421875000014,2.0,2.0,-1771.800781250002,-1276.5664062500014,1195.5429687500014,1323.7273437500016,35.95703125000023,-116.98046875,1398.7989786226717,1956638.5825958299,1365.9335937500016,0.0,0.0,-2122.679687500002,-288.94140625000034,395.33203125000034,1436.429687500001,15.960937500000014,-86.97460937500011,1080.7301784694616,1167977.7186546344,740.6523437500007,9.0,7.0,-2606.0351562500023,-59.21093750000013,152.75000000000028,2471.761718750002,0.0,19.021484375000057,1383.6541535647905,1914498.8166770968,801.1621093750007,10.0,5.0,-562.0507812500002,-161.7773437500005,37.589843750000036,475.5390625000007,-10.335937499999986,-53.70312500000002,323.5688014736735,104696.76928710952,220.52734375000017,4.0,5.0,-984.7062500000006,0.0,190.0468750000001,754.1078124999993,0.0,-15.241210937500032,474.25641451887964,224919.1467123034,298.0517578125001,21.0,20.0,-654.4531250000003,-36.726562500000014,67.39843750000006,397.94218750000005,0.0,3.242187500000014,383.22235489466925,146859.37329101583,202.1308593750001,24.0,25.0,-173.5250000000004,-9.265625,33.89062500000006,218.4156249999998,0.0,6.997070312499992,165.52054910637395,27397.05217647555,84.51562500000003,42.0,42.0,-305.89062500000017,-3.515624999999998,6.765624999999957,275.4062500000001,0.0,-5.0126953124999964,148.93488550232541,22181.600119590785,84.92626953125006,58.0,58.0,-197.81250000000009,-0.6718750000000924,5.828124999999972,216.17187500000009,0.0,-0.1367187500000009,157.67403167770829,24861.10026550295,72.61035156250003,67.0,68.0,-134.4843750000002,0.0,6.281249999999954,113.81250000000006,0.0,-1.8535156249999942,73.00781644491533,5330.14126205445,38.57812500000003,166.0,165.0,-94.01250000000007,0.0,0.0,104.41249999999975,0.0,2.005859375,67.97196604168533,4620.188167572025,30.089599609375014,237.0,233.0,-76.33750000000003,0.0,0.0,80.05624999999986,0.0,0.5283203124999991,54.755877653975816,2998.2061376571683,22.85058593750001,281.0,279.0,-40.975,0.0,0.0,38.13749999999989,0.0,-0.35205078125000205,28.09364014583917,789.2526166439063,12.373535156250007,683.0,681.0,-29.50000000000001,0.0,0.0,28.75,0.0,0.40283203125000044,28.030606363449333,785.7148931026463,10.267700195312504,929.0,923.0,-23.93750000000003,0.0,0.0,24.375,0.0,0.18237304687500078,22.884013509441246,523.6780743002894,8.256835937500004,1041.0,1037.0,-13.249999999999986,0.0,0.0,14.499999999999977,0.0,0.015869140625000562,12.348504261510694,152.48555749654776,4.764648437500001,2672.0,2652.0,-11.000000000000007,0.0,0.0,10.999999999999993,0.0,-0.023193359375,10.10721844307184,102.15586465597156,3.85791015625,3540.0,3552.0,-7.500000000000012,0.0,0.0,7.5,0.0,-0.021667480468749972,8.708999252007205,75.84666797146204,2.9388427734375004,4022.0,4016.0,-5.000000000000001,0.0,0.0,5.000000000000001,0.0,-0.013000488281249981,4.446944250273308,19.77531316503883,1.7469482421875004
0.0,0.0,13419.953125000016,13419.953125000016,13419.953125000016,13419.953125000016,13419.953125000016,13419.953125000016,0.0,0.0,13419.953125000016,0.0,0.0,533.3281250000007,533.3281250000007,533.3281250000007,533.3281250000007,533.3281250000007,533.3281250000007,0.0,0.0,533.3281250000007,0.0,0.0,-57.51562499999818,-57.51562499999818,-57.51562499999818,-57.51562499999818,-57.51562499999818,-57.51562499999818,0.0,0.0,57.51562499999818,0.0,0.0,160.64062499999926,160.64062499999926,160.64062499999926,160.64062499999926,160.64062499999926,160.64062499999926,0.0,0.0,160.64062499999926,0.0,0.0,-6980.857031250007,-6922.9101562500055,6156.9804687500055,6351.071093750007,-411.328125,-354.60156249999955,6593.533528367741,43474684.389709555,6592.4531250000055,2.0,2.0,-2006.463281250002,-1335.878906250001,1155.402343750001,1406.942968750001,-2.9374999999997726,-177.5390625000001,1498.4107634353832,2245234.8159790076,1437.7500000000014,2.0,2.0,-1802.8148437500015,-1253.261718750001,1112.2929687500005,1325.133593750001,-0.3359375000002274,-140.63281250000023,1385.824442282161,1920509.384826663,1341.609375000001,0.0,0.0,-2048.500000000002,-292.5468750000001,297.96093750000034,1405.7148437500011,6.054687500000005,-106.609375,1049.0669008200773,1100541.3623962419,703.3593750000005,7.0,9.0,-2612.984375000002,-34.81640625,100.3554687499999,2514.316406250002,8.843750000000012,18.97070312499997,1395.8634997078852,1948434.9098167454,808.9824218750007,6.0,5.0,-552.9843750000007,-149.63281249999977,20.613281250000014,472.40625000000034,-3.242187500000002,-52.615234375000014,333.77940603146357,111408.69189071663,203.85546875,4.0,5.0,-952.0593750000004,-4.203125000000002,195.62500000000028,696.7375000000003,0.0,-11.829101562500018,451.511332828028,203862.4836721423,283.0283203125002,21.0,22.0,-722.7593750000004,-14.11718750000001,32.921875000000014,386.8078125,0.0,6.262695312499986,385.31070839248054,148464.34200191515,205.0126953125001,22.0,23.0,-196.18906249999998,-11.343750000000009,21.91406249999996,222.0781249999999,0.0,5.3007812499999805,165.9613467795377,27543.168624877973,80.92968750000009,36.0,37.0,-290.5625,-1.0625000000000187,20.328125000000135,210.6875000000001,0.0,-4.316894531249993,136.88217179047382,18736.728954076785,78.50830078125003,62.0,62.0,-189.62500000000003,-3.7187500000000018,4.921875000000023,206.3593750000002,0.0,0.3647460937500062,156.3013315638008,24430.106248617194,71.90869140625003,67.0,70.0,-157.09375000000009,0.0,6.78124999999994,125.23437500000003,0.0,-1.4384765625000058,77.1395499170163,5950.510161399849,40.33447265625003,166.0,172.0,-94.04375000000003,0.0,0.0,101.925,0.0,0.7636718749999982,62.0251844078192,3847.1235008239773,28.704345703125007,236.0,234.0,-74.30000000000007,0.0,0.0,82.93124999999962,0.0,1.1638183593749991,56.54885767127391,3197.7733039259942,23.56445312500001,285.0,284.0,-47.837499999999984,0.0,0.0,42.32499999999985,0.0,-0.4616699218750008,29.54554716401657,872.9393572211275,13.143066406250007,687.0,681.0,-32.06250000000001,0.0,0.0,31.75,0.0,0.46728515624999956,28.094554881106667,789.3040139675144,10.535888671875004,914.0,914.0,-24.500000000000043,0.0,0.0,22.750000000000007,0.0,0.15124511718749992,23.2624317226479,541.1407296508553,8.215820312500004,1023.0,1031.0,-14.500000000000037,0.0,0.0,14.750000000000002,0.0,0.045043945312499896,11.740397343498435,137.83692978322512,4.720825195312502,2736.0,2692.0,-10.500000000000007,0.0,0.0,10.5,0.0,-0.04876708984375,10.099764906446064,102.00525116547945,3.8319091796875,3566.0,3554.0,-7.5,0.0,0.0,7.5,0.0,-0.008972167968750052,8.836392288705243,78.08182867988947,2.932922363281251,4090.0,4080.0,-5.000000000000007,0.0,0.0,5.000000000000005,0.0,0.014038085937500007,4.4494898213642955,19.79795967042447,1.7658691406250002
0.0,0.0,13370.578125000015,13370.578125000015,13370.578125000015,13370.578125000015,13370.578125000015,13370.578125000015,0.0,0.0,13370.578125000015,0.0,0.0,630.7734375000013,630.7734375000013,630.7734375000013,630.7734375000013,630.7734375000013,630.7734375000013,0.0,0.0,630.7734375000013,0.0,0.0,17.74999999999909,17.74999999999909,17.74999999999909,17.74999999999909,17.74999999999909,17.74999999999909,0.0,0.0,17.74999999999909,0.0,0.0,243.94531250000026,243.94531250000026,243.94531250000026,243.94531250000026,243.94531250000026,243.94531250000026,0.0,0.0,243.94531250000026,0.0,0.0,-7029.096484375007,-6910.826171875007,6087.291015625006,6283.758203125007,-428.05859375000045,-395.4765625000002,6566.019504163762,43112612.12905893,6564.628906250007,2.0,2.0,-2009.0085937500014,-1282.3242187500005,1073.8789062500005,1345.9507812500008,-9.511718749999773,-198.9335937500001,1459.638128196937,2130543.4652862577,1386.1757812500007,2.0,2.0,-1806.0660156250024,-1203.361328125001,1016.9472656250003,1264.489453125001,-19.214843750000227,-167.1992187500004,1343.3240139476281,1804519.4064483678,1287.289062500001,0.0,0.0,-1995.0898437500016,-345.3085937500002,309.94140625000045,1425.5039062500014,4.359375000000004,-114.72656249999994,1049.9364916968461,1102366.6365966813,712.4785156250006,9.0,6.0,-2626.480468750002,-10.714843750000002,106.92578125000026,2550.2070312500027,-0.20312499999999978,29.958984375000057,1415.566297879141,2003827.9436912572,822.2675781250008,9.0,5.0,-565.4453125000002,-105.04296875000048,7.835937500000016,466.64843750000045,-1.1796874999999976,-50.78320312500003,343.02996392229244,117669.55614852926,199.0859375000002,4.0,7.0,-875.2296875000005,-7.312500000000005,184.62499999999986,654.9671875000005,0.0,-4.011718750000022,436.3657336949031,190415.0535430911,276.7460937500002,22.0,22.0,-763.4718750000004,-6.023437500000005,43.6796874999999,411.6187499999999,0.0,4.320312499999972,381.4179998142138,145479.69058227557,196.7353515625001,23.0,21.0,-247.32968750000012,-27.718750000000142,17.179687500000014,241.0343749999999,0.0,6.431640624999999,168.87051576523993,28517.251094818148,87.75097656250006,38.0,41.0,-272.50000000000017,-0.5937499999999998,13.812499999999941,214.6093750000001,0.0,-0.5087890624999929,131.36079162581575,17255.65757656099,74.94873046875003,64.0,64.0,-236.24999999999994,-3.390625000000001,3.5625000000000004,226.8593750000001,0.0,0.17187499999999467,157.64616408056503,24852.313049316435,72.84765625000003,79.0,78.0,-152.21875000000006,-0.374999999999993,4.171874999999961,146.40625000000006,0.0,-0.34375000000000044,80.08933534336639,6414.301635742196,40.25195312500003,172.0,168.0,-85.52500000000008,-0.7500000000000218,0.0,101.64374999999978,0.0,1.4738769531250027,60.78293841010084,3694.565601766112,27.622558593750007,234.0,240.0,-77.50000000000009,0.0,0.0,81.79999999999994,0.0,1.5959472656250022,56.648659005058896,3209.0705670714406,24.052978515625007,273.0,276.0,-46.05000000000005,0.0,0.0,43.94374999999994,0.0,-0.2919921875000029,30.438886716613254,926.5258245468148,13.600341796875007,709.0,707.0,-28.062500000000014,0.0,0.0,27.999999999999996,0.0,0.20764160156250044,27.458146976894746,753.949835404754,9.997314453125002,920.0,918.0,-22.562499999999996,0.0,0.0,24.312499999999986,0.0,0.14257812500000044,21.824845457458423,476.32387924194353,7.910034179687501,1017.0,1011.0,-14.500000000000014,0.0,0.0,13.750000000000007,0.0,0.019653320312500156,11.995376132554322,143.88904856145388,4.646728515625001,2652.0,2648.0,-9.924999999999951,0.0,0.0,9.500000000000007,0.0,0.0469970703125,9.596082372021222,92.08479689061645,3.5885009765625,3500.0,3496.0,-7.499999999999972,0.0,0.0,6.999999999999972,0.0,-0.006408691406250048,8.51830099542135,72.56145184859636,2.815063476562501,4068.0,4076.0,-5.0,0.0,0.0,4.999999999999999,0.0,0.002258300781250012,4.43988173623107,19.712549831718214,1.7140502929687504
0.0,0.0,13350.515625000016,13350.515625000016,13350.515625000016,13350.515625000016,13350.515625000016,13350.515625000016,0.0,0.0,13350.515625000016,0.0,0.0,455.5000000000017,455.5000000000017,455.5000000000017,455.5000000000017,455.5000000000017,455.5000000000017,0.0,0.0,455.5000000000017,0.0,0.0,58.65625,58.65625,58.65625,58.65625,58.65625,58.65625,0.0,0.0,58.65625,0.0,0.0,291.95312499999943,291.95312499999943,291.95312499999943,291.95312499999943,291.95312499999943,291.95312499999943,0.0,0.0,291.95312499999943,0.0,0.0,-6958.982812500008,-6793.664062500007,6053.9257812500055,6218.147656250005,-369.64062500000045,-370.0976562500009,6493.9010399637855,42170750.71684273,6492.449218750006,2.0,2.0,-2060.0523437500024,-1230.636718750001,973.6484375000007,1279.217187500001,-19.359375,-237.62890625000034,1436.359735398654,2063129.2894744915,1338.5976562500014,2.0,2.0,-1777.5695312500025,-1118.1601562500014,909.6289062500006,1140.9757812500006,-15.085937500000227,-193.44531250000057,1268.18315378168,1608288.511535648,1199.4687500000014,0.0,0.0,-2018.0507812500014,-369.9257812500003,398.48828125000034,1431.6835937500014,5.093750000000004,-107.787109375,1071.2625631247838,1147603.4791526813,746.9160156250006,9.0,7.0,-2606.750000000002,-11.50781250000001,86.05859375000004,2505.117187500002,9.9296875,30.140624999999943,1403.3790382632285,1969472.7250366241,817.7695312500007,9.0,5.0,-513.1679687500005,-105.28515624999977,30.007812500000057,437.6132812500002,-2.4843750000000018,-42.17382812500007,321.87090798156476,103600.88140487694,196.96875000000023,4.0,7.0,-897.2140625000012,-1.4609375000000007,207.98437500000009,664.7343750000003,0.0,-3.5302734375000124,442.45476015267536,195766.21478176146,279.2080078125002,18.0,17.0,-766.4640625000005,-15.937499999999979,17.062499999999943,459.7921874999994,0.0,-9.8759765625,379.7320835276853,144196.45526027697,185.27246093750009,23.0,19.0,-246.8765625000001,-21.265624999999964,19.10156249999998,311.42031249999974,0.0,8.972656250000007,160.2412222661651,25677.24931335453,87.05664062500006,38.0,36.0,-265.76562500000017,-1.2343750000000533,13.843749999999968,263.24999999999994,0.0,2.3745117187499964,139.90410719477353,19573.15920996668,79.99609375000004,67.0,69.0,-234.98437500000023,-2.484375000000199,3.109374999999979,222.2187500000001,0.0,-0.973144531250008,156.13398557923284,24377.821452856086,74.79736328125003,71.0,70.0,-126.65625000000006,-3.7031249999998925,2.359374999999993,120.59375000000007,0.0,1.6044921874999947,83.32548060674867,6943.135718345649,42.149414062500014,167.0,171.0,-88.74374999999999,-0.15625000000004646,0.0,112.6749999999997,0.0,2.6455078125000036,67.58277784261142,4567.43186092377,29.097656250000007,237.0,227.0,-80.48124999999987,0.0,0.0,75.87499999999977,0.0,0.8117675781250002,55.80736323690403,3114.461791455748,23.810791015625007,280.0,286.0,-50.66874999999991,0.0,0.0,52.068749999999895,0.0,-0.05639648437499947,31.968655865773982,1021.9949578642852,14.374755859375007,713.0,719.0,-26.24999999999998,0.0,0.0,27.750000000000014,0.0,0.44091796875000044,27.26122010509198,743.1741216182712,9.660888671875004,959.0,958.0,-24.31250000000002,0.0,0.0,22.812500000000014,0.0,-0.009887695312500583,22.02144257298328,484.9439329952004,7.998046875000002,1025.0,1034.0,-12.812499999999977,0.0,0.0,13.249999999999986,0.0,-0.08166503906249994,11.862027073402968,140.70768629014498,4.547241210937502,2896.0,2890.0,-8.999999999999993,0.0,0.0,9.000000000000004,0.0,0.01757812499999989,9.469980896363532,89.68053817749026,3.4293212890625004,3544.0,3566.0,-7.000000000000014,0.0,0.0,7.0,0.0,-0.04693603515624999,8.56279548057745,73.32146644219759,2.848937988281251,4004.0,3998.0,-4.999999999999999,0.0,0.0,4.999999999999996,0.0,0.0018920898437500139,4.419907229353324,19.53557991608978,1.6967163085937504
0.0,0.0,13270.273437500018,13270.273437500018,13270.273437500018,13270.273437500018,13270.273437500018,13270.273437500018,0.0,0.0,13270.273437500018,0.0,0.0,358.4218750000001,358.4218750000001,358.4218750000001,358.4218750000001,358.4218750000001,358.4218750000001,0.0,0.0,358.4218750000001,0.0,0.0,78.45312500000091,78.45312500000091,78.45312500000091,78.45312500000091,78.45312500000091,78.45312500000091,0.0,0.0,78.45312500000091,0.0,0.0,348.9765625000002,348.9765625000002,348.9765625000002,348.9765625000002,348.9765625000002,348.9765625000002,0.0,0.0,348.9765625000002,0.0,0.0,-6893.887109375007,-6685.935546875006,6005.6269531250055,6165.850390625006,-330.21093750000045,-350.0976562500007,6424.347010104679,41272234.50624093,6422.484375000007,2.0,2.0,-2091.0878906250023,-1195.6582031250018,936.3730468750007,1286.899609375001,-16.121093750000455,-243.16406250000057,1441.6143879937724,2078252.043670659,1325.5898437500014,2.0,2.0,-1775.7601562500013,-1079.2070312500005,859.1875000000015,1129.4875000000015,-21.207031249999318,-198.8124999999996,1250.679464074106,1564199.1218566927,1170.6250000000011,0.0,0.0,-2024.5781250000018,-419.4492187500005,439.0117187500003,1408.5390625000014,4.187500000000004,-120.29296875000023,1099.5992211800856,1209118.447219851,781.2246093750007,11.0,9.0,-2551.054687500002,-34.64453125000034,94.83593749999994,2503.007812500002,-0.6718750000000006,33.85937500000003,1388.8428785248716,1928884.541229251,816.3574218750006,9.0,7.0,-520.37109375,-92.60156250000006,33.83203125000004,391.30468750000057,-2.968750000000003,-36.68164062499996,312.0109677404404,97350.84399032613,202.42187500000017,5.0,8.0,-906.5750000000007,0.0,174.10156249999994,654.9562500000005,0.0,-5.980468749999977,438.9336740184993,192662.7701873782,270.0683593750002,20.0,21.0,-762.0687500000005,-40.7578125,12.421875000000163,454.1609374999995,0.0,-15.464843750000007,382.51584956423295,146318.3751678469,199.81445312500017,23.0,21.0,-229.23593749999986,-14.539062500000005,14.382812499999979,280.5109375000004,0.0,4.208007812500021,148.2944444516075,21991.2422552109,81.61035156250006,34.0,37.0,-235.5468750000002,0.0,18.515624999999936,301.12500000000017,0.0,7.140136718750007,149.92287440759543,22476.86827063563,85.06542968750006,73.0,74.0,-229.20312500000014,-6.515624999999943,0.4531250000000284,246.18750000000006,0.0,-1.2094726562499964,155.54718902801443,24194.928014516856,76.89599609375004,79.0,73.0,-137.57812499999997,-1.0312499999999933,3.4531249999999987,159.1250000000002,0.0,4.182128906249999,88.17272056351263,7774.428651571283,43.57910156250002,171.0,171.0,-90.85625000000003,-0.09375000000000583,0.0,108.10624999999972,0.0,3.611572265625,70.06347483340453,4908.890505731109,29.09521484375001,237.0,235.0,-74.17499999999991,0.0,0.0,82.99999999999979,0.0,0.8151855468749998,53.89732794249242,2904.921959340574,23.257324218750007,302.0,302.0,-47.981249999999996,0.0,0.0,42.32499999999982,0.0,-0.4597167968750024,30.519318425964588,931.4287971854217,13.649169921875005,717.0,723.0,-26.93750000000001,0.0,0.0,27.06250000000003,0.0,0.23986816406250044,25.660321048283457,658.452076300979,9.275146484375004,899.0,890.0,-22.75,0.0,0.0,23.062499999999993,0.0,-0.04150390625000064,22.749112326732263,517.5221116542818,8.122436523437504,1057.0,1059.0,-13.250000000000018,0.0,0.0,12.750000000000021,0.0,0.03588867187499996,12.407628420012042,153.9492430090905,4.758911132812502,2748.0,2738.0,-9.500000000000016,0.0,0.0,9.000000000000004,0.0,0.01275634765625,9.898393824894212,97.97820031270388,3.60772705078125,3506.0,3468.0,-7.5,0.0,0.0,7.000000000000028,0.0,-0.02239990234375001,8.74243283012783,76.4301317892969,2.88458251953125,4090.0,4074.0,-5.0,0.0,0.0,5.0,0.0,0.014465332031249983,4.361440145059296,19.022160138934858,1.7032470703125002
0.0,0.0,13138.703125000015,13138.703125000015,13138.703125000015,13138.703125000015,13138.703125000015,13138.703125000015,0.0,0.0,13138.703125000015,0.0,0.0,314.6953125,314.6953125,314.6953125,314.6953125,314.6953125,314.6953125,0.0,0.0,314.6953125,0.0,0.0,70.24218750000091,70.24218750000091,70.24218750000091,70.24218750000091,70.24218750000091,70.24218750000091,0.0,0.0,70.24218750000091,0.0,0.0,399.9375000000008,399.9375000000008,399.9375000000008,399.9375000000008,399.9375000000008,399.9375000000008,0.0,0.0,399.9375000000008,0.0,0.0,-6815.5988281250075,-6586.9003906250055,5957.7128906250055,6141.711328125005,-305.28125,-323.90625000000045,6360.637251047294,40457706.239410475,6358.2851562500055,2.0,2.0,-2075.7207031250023,-1106.7910156250007,864.9003906250006,1274.9863281250007,-4.519531249999773,-237.37109375000034,1416.0721696738253,2005260.3897247352,1273.140625000001,2.0,2.0,-1772.1765625000016,-1011.1328125000008,768.5859374999998,1118.3859375,-35.597656250000455,-206.94921875000057,1225.1013543811268,1500873.3285064716,1121.2851562500005,0.0,0.0,-2033.5703125000018,-451.05078125000017,440.5664062500004,1393.2851562500014,2.648437500000002,-131.8515625000001,1119.977626617942,1254349.8841247582,800.3691406250007,11.0,9.0,-2530.464843750002,-101.48046875000003,154.55859375000006,2492.148437500002,0.0,40.24218750000003,1374.0211226548565,1887934.0455017122,833.7011718750007,7.0,7.0,-540.0351562500005,-86.95703124999997,33.87890625000006,362.9843750000002,-0.44531250000000044,-39.207031250000014,298.1794630801372,88910.99220275892,194.72851562500009,3.0,5.0,-904.9109375000005,-2.5000000000000004,190.90625000000017,650.1046875000001,0.0,-8.861328125000023,440.9240936512229,194414.0563621524,276.94726562500017,21.0,21.0,-763.8593750000005,-67.02343749999991,19.9296875,455.49531249999995,0.0,-12.718750000000043,390.5530304404024,152531.66958618187,211.3876953125001,20.0,20.0,-194.28437499999995,-4.4531250000000755,14.085937500000313,244.84531249999952,0.0,2.1328125000000107,134.89949883664124,18197.874786376975,74.78515625000004,34.0,33.0,-223.70312500000014,0.0,21.781250000000107,305.9218750000001,0.0,7.135742187500014,155.3996686402892,24149.057013511683,86.11767578125006,73.0,70.0,-239.5781250000001,-11.828125000000028,0.0,252.79687500000006,0.0,-4.1005859375000036,154.85053853417713,23978.689284324675,77.68652343750006,81.0,83.0,-123.89062500000009,-0.5000000000000213,8.171875000000123,136.35937500000009,0.0,5.242187499999999,85.90615834730472,7379.868041992193,41.59619140625002,171.0,173.0,-77.47500000000001,-1.5000000000000213,0.0,100.8374999999998,0.0,3.215087890624999,68.49544160487306,4691.625520646576,28.02270507812501,223.0,225.0,-74.10625,0.0,0.0,77.55624999999962,0.0,0.332763671875002,53.90719104277171,2905.985246121886,22.923095703125007,284.0,290.0,-46.48750000000005,0.0,0.0,44.15624999999995,0.0,-0.0942382812500007,30.169250148897277,910.1836545467384,13.237792968750004,717.0,713.0,-25.31249999999995,0.0,0.0,26.56249999999998,0.0,0.4384765625,25.119945397256934,631.0116567611698,9.156616210937504,897.0,896.0,-24.750000000000018,0.0,0.0,24.562499999999996,0.0,-0.10498046874999996,22.904782356197476,524.6290547847751,8.198242187500004,1011.0,1013.0,-12.249999999999979,0.0,0.0,13.249999999999986,0.0,0.15991210937500033,11.649915101290452,135.7205218672753,4.428833007812502,2794.0,2764.0,-10.000000000000002,0.0,0.0,9.500000000000007,0.0,-0.0108642578125,10.069297448607188,101.39075110852721,3.6727294921875,3546.0,3562.0,-7.499999999999972,0.0,0.0,7.0,0.0,-0.015930175781250087,8.601987679035634,73.99419203028086,2.840576171875001,4108.0,4088.0,-5.0,0.0,0.0,5.0,0.0,0.014343261718750035,4.511701023595427,20.355446126312025,1.7497558593750004
0.0,0.0,13108.875000000015,13108.875000000015,13108.875000000015,13108.875000000015,13108.875000000015,13108.875000000015,0.0,0.0,13108.875000000015,0.0,0.0,425.1406250000002,425.1406250000002,425.1406250000002,425.1406250000002,425.1406250000002,425.1406250000002,0.0,0.0,425.1406250000002,0.0,0.0,21.75781250000091,21.75781250000091,21.75781250000091,21.75781250000091,21.75781250000091,21.75781250000091,0.0,0.0,21.75781250000091,0.0,0.0,477.05468750000057,477.05468750000057,477.05468750000057,477.05468750000057,477.05468750000057,477.05468750000057,0.0,0.0,477.05468750000057,0.0,0.0,-6812.728125000007,-6598.546875000006,5871.6210937500055,6129.086718750006,-372.48046875000045,-354.4453125000007,6336.4176194982465,40150188.248687826,6333.343750000007,2.0,2.0,-2039.8917968750022,-1018.396484375001,752.0175781250007,1223.4910156250019,-18.601562500000227,-247.7773437500001,1367.6579921750122,1870488.3835601858,1196.2421875000014,2.0,2.0,-1748.8480468750015,-900.6777343750005,659.3847656250005,1080.8894531250012,-31.7578125,-209.53515625,1184.296002484023,1402557.0214996366,1044.546875000001,0.0,2.0,-1972.1835937500014,-476.06640625000045,422.49609375000034,1394.335937500001,3.8750000000000036,-125.32031250000011,1105.9676187890025,1223164.3738098163,796.9179687500007,10.0,9.0,-2538.492187500002,-160.61328125000017,227.76562500000028,2474.644531250002,0.3593750000000009,38.03125000000003,1373.116941391049,1885450.13473511,863.5449218750007,8.0,7.0,-515.0351562499995,-127.39843750000011,35.43359375000002,354.8593750000001,0.3593750000000009,-40.93750000000004,286.91323822422453,82319.2062683106,194.2519531250001,3.0,7.0,-870.090625000001,-21.1953125,193.03125000000014,659.9453125000001,0.0,-10.062499999999993,439.276987652556,192964.2718811038,283.6103515625002,23.0,23.0,-796.3734375000003,-80.26562500000014,18.632812499999865,579.9359375000004,0.0,-10.248046875,401.2879165512743,161031.99197006246,222.46191406250014,30.0,29.0,-156.99999999999974,-11.296875000000059,38.42968749999988,194.99062500000014,0.0,3.0722656249999885,131.39379444942648,17264.329219818133,73.98046875000004,37.0,36.0,-226.1875000000002,-4.249999999999934,26.499999999999993,300.0156250000002,0.0,8.296386718750014,149.99074042589004,22497.222213506728,84.10253906250004,68.0,66.0,-249.25000000000009,-6.765625000000001,6.5625,231.31250000000006,0.0,-5.416992187500008,153.69883650536048,23623.33234310153,79.58544921875004,72.0,72.0,-115.50000000000004,-8.812500000000025,3.5468750000001386,145.2031250000001,0.0,3.593261718750004,79.299621063941,6288.4299008846365,41.45800781250002,179.0,167.0,-87.63750000000002,0.0,0.0,98.79999999999998,0.0,3.29931640625,70.15153935341546,4921.238473653797,29.25537109375001,231.0,229.0,-84.3312500000001,0.0,0.0,84.9,0.0,-0.6369628906249998,56.947107586388064,3242.973062455657,24.777587890625007,266.0,270.0,-43.81249999999995,0.0,0.0,45.67499999999997,0.0,0.4719238281250011,30.47135914806125,928.503728330136,13.431884765625004,729.0,729.0,-24.312500000000004,0.0,0.0,23.31250000000003,0.0,0.17700195312499956,25.071670575088884,628.5886654257778,9.014038085937504,931.0,929.0,-25.31249999999999,0.0,0.0,23.125000000000064,0.0,0.07043457031249988,23.429470914441925,548.9401073306801,8.372924804687504,1039.0,1037.0,-12.24999999999999,0.0,0.0,13.249999999999995,0.0,0.14562988281250008,12.412409244999825,154.06790326535713,4.704467773437502,2852.0,2816.0,-9.999999999999991,0.0,0.0,9.000000000000012,0.0,-0.02105712890625,9.928423451981361,98.5735922418535,3.60748291015625,3472.0,3506.0,-6.999999999999972,0.0,0.0,6.500000000000014,0.0,-0.023071289062499993,9.115993384782717,83.10133539140226,2.8937377929687504,4046.0,4044.0,-4.99999999999999,0.0,0.0,4.500000000000017,0.0,0.012145996093749969,4.344561967070605,18.875218685716398,1.6722412109375002
0.0,0.0,13030.406250000016,13030.406250000016,13030.406250000016,13030.406250000016,13030.406250000016,13030.406250000016,0.0,0.0,13030.406250000016,0.0,0.0,295.3046875000014,295.3046875000014,295.3046875000014,295.3046875000014,295.3046875000014,295.3046875000014,0.0,0.0,295.3046875000014,0.0,0.0,-24.78906250000182,-24.78906250000182,-24.78906250000182,-24.78906250000182,-24.78906250000182,-24.78906250000182,0.0,0.0,24.78906250000182,0.0,0.0,499.8437500000003,499.8437500000003,499.8437500000003,499.8437500000003,499.8437500000003,499.8437500000003,0.0,0.0,499.8437500000003,0.0,0.0,-6698.676171875008,-6505.724609375007,5811.2558593750055,6082.582421875006,-363.56250000000136,-330.9062500000009,6258.290643008637,39166201.77236946,6255.214843750006,2.0,2.0,-1985.1957031250015,-909.1660156250008,685.4355468750006,1226.2933593750006,-0.37109375,-223.35937500000023,1337.8718970974821,1789901.2130432157,1134.152343750001,2.0,2.0,-1654.4875000000013,-811.3750000000007,561.8164062500002,1057.7070312500005,-52.44140625000023,-197.11718750000028,1124.4996203145863,1264499.3960876486,965.5546875000007,0.0,2.0,-1973.0273437500014,-492.3710937500003,458.75781250000034,1387.6718750000014,4.523437500000004,-119.35156250000006,1114.2617997162456,1241579.3583068866,810.6855468750007,10.0,9.0,-2514.515625000002,-247.8554687500003,289.57421875000034,2471.136718750002,0.0859375,34.51562500000007,1381.2491021256108,1907849.082122806,899.5917968750008,6.0,7.0,-449.93359375000074,-139.47656250000006,53.816406250000014,306.5078125000001,0.0859375,-40.55859375000008,249.78211260021106,62391.103775024516,177.62109375000009,3.0,5.0,-895.0937500000009,-15.695312499999936,254.80468749999994,676.6296875000005,0.0,-11.003906250000023,444.07881947864416,197205.99790954622,291.1171875000002,19.0,20.0,-802.7765625000004,-87.890625,10.093749999999993,689.5421875,0.0,-11.668945312500043,414.97572291384984,172204.85060787227,233.36523437500017,26.0,27.0,-162.77031250000022,-11.835937499999746,48.02343749999997,209.6093749999999,0.0,5.887695312500017,143.39954421890064,20563.42928218844,81.02050781250004,35.0,36.0,-213.43750000000014,-3.265624999999999,24.37500000000001,325.39062500000006,0.0,14.025390625,150.1040745999833,22531.233211517356,81.69921875000006,70.0,64.0,-257.7656249999999,-6.796875000000398,2.859375000000014,234.87500000000014,0.0,-4.033691406250004,159.30282332842302,25377.389520406752,83.21289062500003,80.0,78.0,-110.62500000000007,-1.5312499999999898,6.562499999999956,145.375,0.0,3.60302734375,73.72098732076292,5434.783971548086,39.64257812500003,165.0,160.0,-79.29374999999996,0.0,0.0,97.19999999999986,0.0,4.388916015625005,71.81729248720094,5157.723500192169,28.906738281250014,241.0,241.0,-84.0625,0.0,0.0,87.79374999999945,0.0,-0.5363769531249973,57.37307573501188,3291.669819295409,24.314697265625007,276.0,266.0,-43.23124999999999,0.0,0.0,49.474999999999866,0.0,1.0136718749999998,32.08243998154877,1029.2829551696786,13.675537109375007,744.0,725.0,-25.500000000000007,0.0,0.0,21.93750000000001,0.0,-0.4764404296875009,22.97589427847947,527.8917178958657,8.585571289062502,861.0,859.0,-25.312500000000064,0.0,0.0,25.249999999999957,0.0,0.00012207031249969469,23.942462615578634,573.2415160983804,8.515014648437504,1026.0,1023.0,-11.375000000000018,0.0,0.0,12.312500000000004,0.0,-0.07885742187500004,11.817371774114592,139.65027564764029,4.407348632812502,2886.0,2862.0,-9.000000000000002,0.0,0.0,8.999999999999993,0.0,-0.005859375000000111,9.443218393466765,89.17437362670901,3.37030029296875,3416.0,3436.0,-7.0,0.0,0.0,7.0,0.0,-0.029602050781249917,9.046821509871862,81.84497943148018,2.93115234375,4000.0,3992.0,-4.4999999999999964,0.0,0.0,4.500000000000006,0.0,0.03961181640624997,4.236837613662799,17.95079296454788,1.6046752929687504
0.0,0.0,12855.277343750011,12855.277343750011,12855.277343750011,12855.277343750011,12855.277343750011,12855.277343750011,0.0,0.0,12855.277343750011,0.0,0.0,498.96484374999983,498.96484374999983,498.96484374999983,498.96484374999983,498.96484374999983,498.96484374999983,0.0,0.0,498.96484374999983,0.0,0.0,-31.37890624999909,-31.37890624999909,-31.37890624999909,-31.37890624999909,-31.37890624999909,-31.37890624999909,0.0,0.0,31.37890624999909,0.0,0.0,525.2148437499998,525.2148437499998,525.2148437499998,525.2148437499998,525.2148437499998,525.2148437499998,0.0,0.0,525.2148437499998,0.0,0.0,-6662.608984375005,-6486.8886718750055,5649.0429687500055,5937.858593750005,-442.484375,-395.361328125,6167.9619870786455,38043755.074047156,6164.7441406250055,2.0,2.0,-1891.351171875002,-795.9433593750013,517.5039062500016,1137.9882812500018,-40.27734374999977,-238.1621093749999,1256.5520925277287,1578923.1612358135,1014.2011718750017,2.0,2.0,-1575.6492187500023,-634.5585937500014,448.759765625001,1004.4769531250009,-12.61328125,-173.18554687500028,1069.2052525220424,1143199.8720207247,853.4941406250015,0.0,2.0,-1922.6093750000011,-486.2929687500005,426.7578125000004,1309.9296875000018,4.218750000000004,-116.5126953125,1071.7431122625492,1148633.298682215,781.2431640625007,11.0,11.0,-2443.9648437500023,-333.42187500000034,376.31250000000017,2437.2148437500014,-0.3906250000000002,25.09277343749997,1378.0703762389405,1899077.9618673353,928.9404296875007,9.0,7.0,-395.59765624999994,-193.13671875000006,55.67578124999979,285.7851562500003,8.265625000000009,-52.88769531249997,226.17838675445884,51156.66263484956,172.7275390625,3.0,7.0,-861.3265625000006,-36.117187499999964,271.40625000000017,533.5109375000003,0.0,-6.599121093749977,419.9684544861792,176373.50276350998,279.2221679687502,19.0,21.0,-834.0421875000005,-116.35937500000004,12.140625000000004,696.999999999999,0.0,-13.766113281250028,420.19051959042116,176560.0727536681,239.87646484375017,23.0,22.0,-176.30937500000016,-18.29687500000012,33.609375000000135,330.14218750000015,0.0,9.598144531249996,159.73661820908399,25515.787196874662,90.54150390625009,35.0,38.0,-211.7031250000001,-4.140625000000012,21.171875000000007,280.7343750000001,0.0,10.669677734375,143.43850305721816,20574.60415929558,75.48022460937503,74.0,73.0,-292.5625000000001,-6.765624999999943,3.046874999999943,263.2500000000001,0.0,-1.2746582031250009,167.04823004929725,27905.11116260293,86.82153320312503,84.0,84.0,-114.43750000000009,-2.468750000000006,7.375000000000032,132.26562500000006,0.0,0.8757324218750051,73.21539186558347,5360.493606030946,39.656005859375014,169.0,168.0,-83.5500000000001,-0.37499999999995814,0.0,87.11874999999998,0.0,2.8089599609375,70.81810479644535,5015.203966960316,27.916870117187514,231.0,231.0,-90.04999999999994,-0.12499999999991473,0.0,93.66249999999992,0.0,-0.01672363281249828,57.13898597921732,3264.8637187331933,24.265258789062507,266.0,266.0,-45.62500000000004,0.0,0.0,48.37500000000006,0.0,0.4461669921875001,32.71051512341416,1069.9777996391067,13.858032226562507,738.0,723.0,-24.999999999999968,0.0,0.0,21.750000000000032,0.0,-0.25384521484375,22.11916883311042,489.2576298676434,8.283508300781254,895.0,895.0,-23.56250000000002,0.0,0.0,24.75000000000003,0.0,0.1253051757812504,23.791527348796013,566.0367735885086,8.409973144531254,1036.0,1065.0,-11.812500000000005,0.0,0.0,12.500000000000021,0.0,-0.12066650390625047,11.543161595052004,133.24457960948354,4.362731933593752,2876.0,2856.0,-8.5,0.0,0.0,8.5,0.0,-0.005767822265625,9.362282079761078,87.6523257410154,3.312591552734375,3488.0,3484.0,-7.0,0.0,0.0,6.500000000000014,0.0,-0.03268432617187491,8.469649930359017,71.7349699428305,2.783355712890625,4140.0,4146.0,-4.500000000000006,0.0,0.0,4.500000000000007,0.0,0.03994750976562501,4.32911276208129,18.741217306815095,1.6354064941406254
0.0,0.0,12501.792968750015,12501.792968750015,12501.792968750015,12501.792968750015,12501.792968750015,12501.792968750015,0.0,0.0,12501.792968750015,0.0,0.0,583.3710937500017,583.3710937500017,583.3710937500017,583.3710937500017,583.3710937500017,583.3710937500017,0.0,0.0,583.3710937500017,0.0,0.0,-1.4726562499990905,-1.4726562499990905,-1.4726562499990905,-1.4726562499990905,-1.4726562499990905,-1.4726562499990905,0.0,0.0,1.4726562499990905,0.0,0.0,557.9804687500008,557.9804687500008,557.9804687500008,557.9804687500008,557.9804687500008,557.9804687500008,0.0,0.0,557.9804687500008,0.0,0.0,-6555.451953125007,-6347.041015625006,5473.6250000000055,5768.412500000006,-454.7031250000009,-418.7128906250009,6018.926592890833,36227477.33060844,6015.166015625006,2.0,1.0,-1732.3839843750018,-637.8574218750008,377.79296875000034,1032.1960937500007,-38.33984375000023,-221.72460937500023,1151.247785493625,1325371.463603976,872.1855468750009,2.0,1.0,-1459.4195312500005,-500.53515625000017,320.3144531250008,925.8878906250012,-16.503906249999773,-163.7167968749996,994.3873659660951,988806.2335929887,736.3535156250007,0.0,2.0,-1922.804687500001,-449.33203125000045,363.3593750000002,1283.863281250001,5.453125000000005,-125.16894531250003,1039.1953295064434,1079926.9328680052,743.7353515625006,11.0,11.0,-2390.3476562500027,-405.828125,402.34765625000057,2409.6328125000027,-0.32812500000000044,20.745117187500185,1377.8062913024112,1898350.1763525046,944.4443359375009,9.0,7.0,-398.65234375000057,-204.36718750000028,64.54687500000003,224.5976562500003,2.062500000000002,-57.645507812500114,211.89204131829544,44898.23717403423,166.3056640625002,5.0,9.0,-838.5562500000007,-2.0625000000000018,213.5468750000001,446.63906250000025,0.0,-8.078613281250028,389.03704198649723,151349.8200376036,250.14892578125017,19.0,18.0,-828.6140625000005,-84.53906250000034,14.648437500000007,680.5453124999989,0.0,-10.005371093750028,416.75556754636494,173685.20308089277,228.9018554687501,25.0,26.0,-197.34062500000024,-19.3984375,13.867187499999973,294.2765624999999,0.0,10.857910156250016,152.09498298087257,23132.883847951918,87.82861328125006,39.0,35.0,-218.5781250000001,-3.4999999999999467,15.406250000000023,252.45312500000028,0.0,7.031494140625021,138.51726460161512,19187.032592713855,72.62622070312504,76.0,75.0,-275.7812500000002,-10.734374999999831,2.75,252.03125000000017,0.0,-0.532958984375,151.54906018297532,22967.117642343073,80.07397460937504,86.0,81.0,-114.45312500000011,-4.8750000000000036,3.4374999999999782,120.39062500000006,0.0,-0.7795410156250053,75.64207215945022,5721.723080575473,38.80493164062503,187.0,186.0,-72.85625,-0.5312499999999742,0.0,87.23124999999979,0.0,2.1986083984375018,70.92735656685983,5030.689909562473,27.37927246093751,241.0,239.0,-82.6687500000002,-2.842170943040401e-14,0.0,84.58750000000002,0.0,-0.5037841796875027,59.51468176769056,3541.9973459094795,24.620971679687514,298.0,294.0,-38.98124999999996,0.0,0.0,40.481249999999996,0.0,0.9605712890625007,27.953979033222453,781.4249437898404,12.038696289062507,718.0,699.0,-22.812500000000014,0.0,0.0,22.750000000000025,0.0,-0.15130615234374978,21.818164393190877,476.0322974883022,8.112365722656254,895.0,901.0,-24.562500000000014,0.0,0.0,23.062500000000014,0.0,0.050354003906250416,22.567699674540766,509.30106860026746,8.033142089843754,1076.0,1076.0,-11.312500000000023,0.0,0.0,11.562499999999996,0.0,0.00799560546874985,11.44803509260109,131.05750748142606,4.320739746093751,2828.0,2826.0,-8.500000000000004,0.0,0.0,9.000000000000004,0.0,0.092071533203125,9.174198359146644,84.16591553296897,3.302703857421875,3546.0,3546.0,-6.500000000000026,0.0,0.0,6.5,0.0,0.000885009765624974,8.064196455664185,65.0312644755468,2.651214599609376,4028.0,4016.0,-4.4999999999999964,0.0,0.0,4.4999999999999964,0.0,0.017181396484375,4.090441869445178,16.731714687310166,1.558197021484375
0.0,0.0,12191.976562500011,12191.976562500011,12191.976562500011,12191.976562500011,12191.976562500011,12191.976562500011,0.0,0.0,12191.976562500011,0.0,0.0,769.0859374999994,769.0859374999994,769.0859374999994,769.0859374999994,769.0859374999994,769.0859374999994,0.0,0.0,769.0859374999994,0.0,0.0,-1.6328125000027285,-1.6328125000027285,-1.6328125000027285,-1.6328125000027285,-1.6328125000027285,-1.6328125000027285,0.0,0.0,1.6328125000027285,0.0,0.0,608.8515625000001,608.8515625000001,608.8515625000001,608.8515625000001,608.8515625000001,608.8515625000001,0.0,0.0,608.8515625000001,0.0,0.0,-6487.191406250005,-6264.957031250005,5278.4218750000055,5588.134375000005,-511.4921875,-475.04296875,5886.798702606677,34654398.96501166,5882.5117187500055,1.0,1.0,-1623.2875000000004,-536.8749999999995,269.80859375000057,925.3742187500004,-43.77343749999932,-223.2929687499996,1070.6040853030836,1146193.1074676525,767.92578125,2.0,1.0,-1413.318750000001,-442.59375000000097,257.32421875,855.9273437500007,-15.109375000000682,-170.16015625000028,953.8371814403765,909805.3686981217,676.9023437500007,0.0,2.0,-1886.1601562500011,-409.9609375000001,300.33593750000017,1267.933593750001,4.4843750000000036,-126.16015625000006,1001.5229667433643,1003048.25291443,706.5976562500005,10.0,11.0,-2327.7812500000023,-423.8007812500001,408.20312500000045,2397.9296875000014,0.5156250000000004,7.470703124999986,1387.6757322892367,1925643.9379844693,962.0292968750007,8.0,7.0,-424.25390625000045,-199.98046875000009,68.17187500000006,274.98046875000017,2.796875000000002,-54.67187500000004,222.44990850075052,49483.961791992275,169.7812500000001,7.0,9.0,-756.0265625000006,-12.40625000000001,114.75000000000031,438.00312500000007,0.0,-19.5576171875,368.7021353675563,135941.26462459582,229.46093750000017,19.0,18.0,-872.4703125000007,-34.46874999999999,18.992187499999982,701.9203124999998,0.0,-8.069335937500004,429.2247494173096,184233.88551235222,231.75585937500017,27.0,26.0,-182.90625000000017,-36.41406249999995,4.773437500000064,295.2500000000001,0.0,6.584960937500015,149.59798906869347,22379.55833339693,88.91210937500003,35.0,35.0,-220.67187500000009,-0.8906249999999696,19.640625,234.32812500000017,0.0,2.068359375,130.83177540979364,17116.953456878684,69.16796875000006,64.0,64.0,-225.5156250000001,-12.0,3.6406250000000018,253.0312500000002,0.0,0.06591796875,149.158033460612,22248.118945837046,78.02636718750004,83.0,82.0,-105.85937500000009,-3.250000000000086,6.421875000000069,105.98437500000009,0.0,-0.25878906249999467,65.01414722394111,4226.83933925629,35.58544921875002,174.0,174.0,-78.15625000000001,0.0,0.0,79.96249999999999,0.0,1.51025390625,65.56724336082377,4299.063401937488,25.841308593750007,245.0,242.0,-79.84375,0.0,0.0,76.01250000000009,0.0,-0.18627929687500236,53.42956411261272,2854.7183212637924,22.13427734375001,280.0,274.0,-38.50000000000005,0.0,0.0,43.58750000000006,0.0,0.8110351562499987,28.197190841297676,795.0815713405615,11.932861328125004,686.0,681.0,-21.749999999999996,0.0,0.0,19.500000000000025,0.0,-0.15100097656250022,21.100612922312585,445.2358656972649,7.681396484375003,877.0,878.0,-23.750000000000036,0.0,0.0,21.0,0.0,-0.22924804687500028,21.83346076117038,476.70000880956667,7.604125976562502,1030.0,1027.0,-10.562499999999968,0.0,0.0,10.250000000000004,0.0,-0.20336914062500033,10.598557900340039,112.32942956686026,3.968261718750001,2778.0,2764.0,-8.500000000000009,0.0,0.0,8.5,0.0,0.00592041015625,9.162027313305677,83.94274448975924,3.22662353515625,3622.0,3600.0,-6.499999999999986,0.0,0.0,6.000000000000014,0.0,-0.03887939453124989,7.98255442576241,63.72117516025903,2.54254150390625,4010.0,4024.0,-4.4999999999999964,0.0,0.0,4.4999999999999964,0.0,0.00250244140625001,3.933470760551696,15.472192224115137,1.5122070312500004
0.0,0.0,12012.691406250015,12012.691406250015,12012.691406250015,12012.691406250015,12012.691406250015,12012.691406250015,0.0,0.0,12012.691406250015,0.0,0.0,704.8164062500011,704.8164062500011,704.8164062500011,704.8164062500011,704.8164062500011,704.8164062500011,0.0,0.0,704.8164062500011,0.0,0.0,-15.51171875,-15.51171875,-15.51171875,-15.51171875,-15.51171875,-15.51171875,0.0,0.0,15.51171875,0.0,0.0,663.7695312499991,663.7695312499991,663.7695312499991,663.7695312499991,663.7695312499991,663.7695312499991,0.0,0.0,663.7695312499991,0.0,0.0,-6399.693359375007,-6141.998046875007,5219.1992187500055,5517.727343750004,-469.9062500000009,-452.89257812500114,5801.134823126894,33653165.2360955,5796.478515625006,2.0,1.0,-1558.4031250000019,-558.3906250000002,280.50195312500057,868.0753906250005,-53.019531249999545,-224.8691406250001,1014.8383431728906,1029896.8627738977,750.1933593750008,2.0,1.0,-1387.3019531250013,-515.1972656250007,337.6718749999999,807.9593750000005,-5.050781250000455,-172.47460937500034,916.2191511199038,839457.5328788771,706.0996093750006,0.0,2.0,-1918.2500000000018,-361.26953125000017,305.15625000000045,1279.2500000000014,4.1015625000000036,-118.35644531250006,993.7865889616282,987611.7843999881,691.6611328125007,10.0,9.0,-2291.414062500002,-467.5195312500001,412.02343750000057,2308.789062500002,0.25781250000000044,-3.2216796874999147,1395.9357829609216,1948636.7101507215,982.2060546875008,6.0,7.0,-431.1953125000002,-162.60937500000017,51.53125000000004,278.99218750000045,0.0,-52.82910156249999,214.06500066034477,45823.824507713405,161.7958984375001,5.0,9.0,-777.1890625000007,-68.8593750000002,76.01562500000014,469.0562500000004,0.0,-29.037597656250025,371.3108129634782,137871.7198235991,231.2436523437502,21.0,20.0,-872.1328125000008,-27.859375000000124,41.95312499999966,720.9406250000011,0.0,-7.997558593750007,443.85327890431654,197005.733194113,250.31201171875017,29.0,28.0,-189.43593750000022,-25.203125000000064,2.296875000000406,319.9296875000001,0.0,5.296386718750025,165.76198004024093,27477.034026861234,93.6323242187501,35.0,37.0,-211.07812500000003,0.0,16.2031249999999,226.5468750000001,0.0,3.6633300781249964,131.80153073678625,17371.64350456001,67.35083007812503,52.0,52.0,-208.0156250000001,-4.812500000000003,4.1562500000000036,246.7812500000001,0.0,0.37719726562500533,142.73632130645234,20373.657420098803,72.09790039062503,76.0,76.0,-111.39062500000011,0.0,6.7812499999999805,112.20312500000001,0.0,0.6643066406250011,67.09007104515878,4501.077632844453,34.251708984375014,180.0,177.0,-74.33125000000001,-0.1250000000000061,0.0,74.25000000000004,0.0,0.5716552734375,62.75293600280378,3937.9309769719866,24.326049804687507,212.0,218.0,-76.55000000000001,0.0,0.0,74.78124999999999,0.0,0.5555419921875022,54.06254160650672,2922.75840495527,22.269653320312507,283.0,274.0,-36.47499999999989,0.0,0.0,42.868749999999935,0.0,0.9522705078125002,28.159836200689764,792.9763748496778,11.816284179687507,742.0,721.0,-22.312500000000004,0.0,0.0,20.75000000000001,0.0,-0.24090576171874978,21.359932776296752,456.24672820791625,7.671081542968752,901.0,899.0,-19.99999999999995,0.0,0.0,21.0,0.0,0.3251342773437501,21.827276708900076,476.43000852689175,7.465148925781253,1030.0,1039.0,-10.812500000000037,0.0,0.0,10.249999999999995,0.0,-0.20709228515625,10.441831021208296,109.0318350754679,3.9349975585937518,2750.0,2770.0,-8.0,0.0,0.0,7.999999999999995,0.0,-0.030059814453125,8.440445252525212,71.24111606087538,2.976226806640625,3578.0,3568.0,-6.5,0.0,0.0,6.499999999999986,0.0,0.01052856445312501,8.684005570470541,75.4119527479634,2.7109069824218754,4050.0,4032.0,-4.000000000000003,0.0,0.0,4.000000000000003,0.0,0.018280029296875,3.9776196956305383,15.821458443067975,1.4610900878906254
0.0,0.0,11307.343750000015,11307.343750000015,11307.343750000015,11307.343750000015,11307.343750000015,11307.343750000015,0.0,0.0,11307.343750000015,0.0,0.0,1105.6406250000007,1105.6406250000007,1105.6406250000007,1105.6406250000007,1105.6406250000007,1105.6406250000007,0.0,0.0,1105.6406250000007,0.0,0.0,65.27343749999909,65.27343749999909,65.27343749999909,65.27343749999909,65.27343749999909,65.27343749999909,0.0,0.0,65.27343749999909,0.0,0.0,702.8203125000002,702.8203125000002,702.8203125000002,702.8203125000002,702.8203125000002,702.8203125000002,0.0,0.0,702.8203125000002,0.0,0.0,-6277.035937500006,-5956.1484375000055,4900.8320312500055,5205.866406250005,-524.3554687500005,-530.9609375000002,5565.009044056529,30969325.660430968,5558.8906250000055,2.0,1.0,-1397.4238281250014,-450.6191406250004,469.78320312500136,1034.931640625001,89.09375000000068,-69.92968749999972,1011.476920648534,1023085.5610046409,775.1914062500011,2.0,2.0,-1438.8253906250009,-672.7519531250016,326.81445312500045,976.4878906250011,-148.7187500000009,-197.21875000000023,990.9209483900589,981924.3259582538,794.7304687500011,0.0,2.0,-1810.5507812500018,-283.94921875000006,225.5234375000001,1331.3164062500014,1.140625000000001,-70.65234375000006,947.0952018812012,896989.3214263932,635.0039062500005,9.0,8.0,-2166.054687500002,-361.61718750000017,454.24218750000057,2522.835937500002,-0.4375000000000005,43.70312500000003,1458.6137670087228,2127554.121307377,1017.3085937500008,7.0,9.0,-482.3710937500006,-157.80078125000017,37.292968750000036,293.0117187500006,-0.4375000000000005,-52.046875000000014,249.25616863732753,62128.63760375987,172.7187500000001,6.0,8.0,-804.5234375000002,-52.390625000000284,26.554687500000092,688.4093749999993,0.0,-24.019531250000004,378.5487759404214,143299.1757659914,220.51562500000014,15.0,19.0,-901.7437500000005,-39.281250000000114,28.88281250000001,922.3546874999998,0.0,-1.4921875000000426,482.3833539782574,232693.7001953128,277.30859375000017,21.0,23.0,-264.4312500000002,-13.492187500000103,8.414062500000053,175.4203124999998,0.0,-7.14062500000001,133.42438871841549,17802.067504882834,72.39843750000006,29.0,26.0,-246.56250000000009,0.0,13.296874999999979,208.9218750000001,0.0,-3.649902343750007,130.15175570436972,16939.479512929935,66.79541015625004,51.0,47.0,-246.48437500000006,-0.015625,5.484375000000003,266.4843750000001,0.0,1.7568359375000089,148.79419370713202,22139.712080955527,75.59619140625004,80.0,76.0,-116.57812500000007,0.0,5.9531249999999725,118.75000000000014,0.0,2.0893554687499942,65.34131143617962,4269.486980199818,33.747070312500014,151.0,142.0,-76.64999999999999,0.0,0.0,66.62500000000004,0.0,-1.0007324218750009,56.594807703401955,3202.9722589850453,22.764160156250007,223.0,213.0,-73.65625000000006,0.0,0.0,75.03125000000009,0.0,0.38061523437499845,57.26024391892417,3278.7355336546925,22.86303710937501,282.0,275.0,-37.48125000000003,0.0,0.0,44.98125000000002,0.0,0.45312500000000155,24.867557504905182,618.3954162597661,11.041503906250004,686.0,696.0,-18.999999999999996,0.0,0.0,19.000000000000018,0.0,0.34399414062500044,21.539785433188012,463.9623565077784,7.217773437500002,868.0,864.0,-19.250000000000014,0.0,0.0,20.000000000000007,0.0,0.09741210937500015,21.714917223456606,471.5376300215724,7.198364257812502,986.0,980.0,-10.562500000000025,0.0,0.0,10.500000000000009,0.0,0.1364746093749997,10.167793448274667,103.38402360677725,3.7823486328125018,2718.0,2662.0,-7.000000000000007,0.0,0.0,7.000000000000007,0.0,-0.01690673828125,8.580729898323451,73.62892558798197,2.7806396484375,3302.0,3310.0,-6.0,0.0,0.0,6.0,0.0,-0.004760742187500105,8.149728103172912,66.41806815564635,2.484130859375001,3760.0,3744.0,-4.000000000000003,0.0,0.0,4.000000000000003,0.0,-0.014465332031250009,3.872790856202795,14.99850901588798,1.4074707031250004
0.0,0.0,11083.175781250011,11083.175781250011,11083.175781250011,11083.175781250011,11083.175781250011,11083.175781250011,0.0,0.0,11083.175781250011,0.0,0.0,1425.0039062500023,1425.0039062500023,1425.0039062500023,1425.0039062500023,1425.0039062500023,1425.0039062500023,0.0,0.0,1425.0039062500023,0.0,0.0,110.19140625000091,110.19140625000091,110.19140625000091,110.19140625000091,110.19140625000091,110.19140625000091,0.0,0.0,110.19140625000091,0.0,0.0,684.5195312500014,684.5195312500014,684.5195312500014,684.5195312500014,684.5195312500014,684.5195312500014,0.0,0.0,684.5195312500014,0.0,0.0,-6294.198828125007,-5985.4003906250055,4661.476562500005,4958.195312500004,-659.4453125000005,-664.4785156250011,5455.427408503722,29761688.209453642,5449.5878906250055,2.0,1.0,-1290.3804687500008,-412.4023437500005,456.09179687499994,935.1308593750007,104.95703124999955,-61.267578125000114,928.0974687226732,861364.9114494333,716.9589843750005,2.0,2.0,-1342.281640625001,-673.2207031250007,292.68750000000045,883.3500000000001,-173.93359375,-206.59960937500017,912.2428430416073,832187.0046806347,745.3964843750007,0.0,1.0,-1717.7539062500014,-298.2070312500003,189.8476562500001,1384.2109375000011,0.9375000000000009,-46.72363281250006,949.99727478791,902494.8221044557,639.6494140625005,9.0,8.0,-2096.671875000002,-372.3593750000002,463.07031250000034,2476.667968750002,-0.07812500000000022,43.10449218750007,1441.6661874329695,2078401.395987514,1006.8212890625008,7.0,7.0,-483.7070312500002,-127.73046875000011,49.097656250000306,263.23437500000017,-0.07812500000000022,-50.874023437499986,244.5968791390619,59827.63328456886,159.8291015625001,4.0,8.0,-750.5343750000004,-7.585937500000101,38.453124999999865,782.5859374999995,0.0,-12.729003906250021,395.29943820498283,156261.64584517502,231.30322265625017,16.0,18.0,-914.2437500000005,-47.37499999999967,15.742187500000005,957.4781250000001,0.0,0.24560546875002132,500.9682531251434,250969.19063925778,291.90087890625017,25.0,26.0,-256.44531249999955,-7.695312499999915,16.554687499999883,136.01406249999982,0.0,-10.540527343749982,125.97350331553115,15869.323537588138,67.85107421875001,24.0,23.0,-245.5781250000002,0.0,8.265625000000004,190.35937500000006,0.0,-0.153076171875,141.34723957227544,19979.042134702227,71.21118164062504,49.0,45.0,-247.85937500000009,-0.6250000000000003,1.5468750000000004,251.7031250000002,0.0,1.9494628906249982,152.35822335200072,23213.02822297814,77.21215820312506,76.0,74.0,-113.15625000000007,0.0,4.1406249999999964,96.85937500000004,0.0,0.8449707031250036,60.059642635955775,3607.1606735587166,31.44458007812502,161.0,149.0,-73.10624999999996,0.0,0.0,79.09999999999971,0.0,-0.07531738281250089,57.25683116332139,3278.3447148650907,23.440063476562507,211.0,211.0,-75.1,0.0,0.0,80.60624999999972,0.0,0.463745117187498,58.66986369648842,3442.1529061645297,23.681274414062507,284.0,280.0,-38.44375000000003,0.0,0.0,45.56875000000002,0.0,0.5821533203125007,28.559496614984276,815.6448469012983,11.942016601562507,648.0,644.0,-21.312500000000057,0.0,0.0,20.000000000000043,0.0,0.08392333984375044,21.728637524809354,472.13368868455325,7.499694824218753,822.0,820.0,-19.500000000000007,0.0,0.0,19.062500000000014,0.0,-0.10235595703125,21.11972084534284,446.0426085852089,7.094665527343752,970.0,984.0,-11.062500000000027,0.0,0.0,9.749999999999964,0.0,-0.025573730468750153,10.40956636639867,108.3590719364584,3.831237792968751,2634.0,2600.0,-7.500000000000006,0.0,0.0,7.999999999999995,0.0,-0.073089599609375,8.670988922933757,75.18604890163991,2.8669738769531254,3356.0,3350.0,-6.0,0.0,0.0,6.0,0.0,-0.025054931640625024,8.06866915501049,65.10342193301769,2.463104248046875,3712.0,3692.0,-4.000000000000002,0.0,0.0,3.9999999999999973,0.0,-0.008575439453124972,3.8182233643515904,14.578829660080377,1.3707580566406254
